Naam,District,Verkiezingdatum,InTKEK,Gevonden,Sterfdatum,Gebdatum,Sterfplaats,Vermogen,Link1,Link2,Polpartij,Opm
J.F. Zijlker,Winschoten,30/11/1848,,,,,,,,,,
mr. S.C.H. Piccardt,Winschoten,30/11/1848,,,,,,,,,,
mr. W.J. Mees,Appingedam,27/12/1848,,,,,,,,,,
mr. D. Bonthuis,Appingedam,27/12/1848,,,,,,,,,,
P.W. Wiertsema,Appingedam,27/12/1848,,,,,,,,,,
W. Waalkens,Appingedam,27/12/1848,,,,,,,,,,
I.T. ter Brugghen Hugenholtz,Dokkum,30/11/1848,,,,,,,,,,
mr. A.F. Jongstra,Heerenveen,30/11/1848,,,,,,,,,,
mr. A.F. Jongstra,Heerenveen,15/12/1848,,,,,,,,,,
mr. A.F. Jongstra,Franeker,19/12/1848,,,,,,,,,,
mr. A.F. Jongstra,Franeker,29/12/1848,,,,,,,,,,
mr. L. graaf van Heiden Reinestein,Assen,30/11/1848,,,,,,,,,,
mr. P. van der Veen,Assen,30/11/1848,,,,,,,,,,
mr. L. graaf van Heiden Reinestein,Assen,07/12/1848,,,,,,,,,,
dr. M. Dassen,Hoogeveen,30/11/1848,,,,,,,,,,
mr. L.N. graaf van Randwijck,Hoogeveen,07/12/1848,,,,,,,,,,
mr. L.N. graaf van Randwijck,Hoogeveen,26/12/1848,,,,,,,,,,
mr. D. Donker Curtius,Almelo,21/12/1848,,,,,,,,,,
B.P.G. van Diggelen,Almelo,21/12/1848,,,,,,,,,,
mr. J. van Riemsdijk,Almelo,02/01/1849,,,,,,,,,,
mr. H. van Sonsbeeck,Enschede,30/11/1848,,,,,,,,,,
mr. H. van Sonsbeeck,Enschede,16/12/1848,,,,,,,,,,
mr. W.H. Dullert,Arnhem,30/11/1848,,,,,,,,,,
mr. M.J. de Man,Harderwijk,22/12/1848,,,,,,,,,,
mr. R.W. Tadema,Zutphen,30/11/1848,,,,,,,,,,
mr. J.T.H. Nedermeyer ridder van Rosenthal,Doetinchem,13/12/1848,,,,,,,,,,
J.D.C.C.W. baron van Ablaing van Giessenburg,Amersfoort,30/11/1848,,,,,,,,,,
J.D.C.C.W. baron van Ablaing van Giessenburg,Amersfoort,07/12/1848,,,,,,,,,,
J.G. Dolmans,Ysselstein,30/11/1848,,,,,,,,,,
mr. W.L.F.C. ridder van Rappard,Ysselstein,30/11/1848,,,,,,,,,,
mr. J.M. de Kempenaer,Leiden,14/12/1849,,,,,,,,,,
mr. G.W. Verweij Mejan,Leiderdorp,30/11/1848,,,,,,,,,,
mr. J.R. Thorbecke,Gouda,30/11/1848,,,,,,,,,,
mr. Ã. baron van Mackay,Gouda,30/11/1848,,,,,,,,,,
A. van Rijckevorsel Hz.,Gouda,30/11/1848,,,,,,,,,,
mr. D. Donker Curtius,Gouda,30/11/1848,,,,,,,,,,
mr. L. Luzac,Gouda,30/11/1848,,,,,,,,,,
mr. J.S. van Naamen,Gouda,30/11/1848,,,,,,,,,,
jhr.mr. W.T. Gevers Deynoot,Gouda,30/11/1848,,,,,,,,,,
mr. J.R. Thorbecke,Gouda,14/12/1848,,,,,,,,,,
mr. J.S. Lotsy,Dordrecht,30/11/1848,,,,,,,,,,
mr. W. Wintgens,Delft,30/11/1848,,,,,,,,,,
mr. H.A.A. van Berckel,Delft,14/12/1848,,,,,,,,,,
A. Vogelsang,Ridderkerk,30/11/1848,,,,,,,,,,
L. Kluit,Ridderkerk,30/11/1848,,,,,,,,,,
P.J. de Raadt van Hendrik-Ido-Ambacht,Ridderkerk,30/11/1848,,,,,,,,,,
A. Vogelsang,Ridderkerk,09/12/1848,,,,,,,,,,
mr. J.J. van Deinse,Goes,30/11/1848,,,,,,,,,,
mr. J.J. van Deinse,Goes,09/12/1848,,,,,,,,,,
mr. P. Gouverneur,Bergen op Zoom,27/12/1848,,,,,,,,,,
W. de la Haye,Sittard,30/11/1848,,,,,,,,,,
W. de la Haye,Sittard,09/12/1848,,,,,,,,,,
J.J. Lambrechts,Sittard,14/06/1849,,,,,,,,,,
J.J.F.M.H. Corneli,Sittard,21/06/1849,,,,,,,,,,
mr. P.L. de Lom de Berg,Venlo,30/11/1848,,,,,,,,,,
J.L.Th.A.L. baron van Scherpenzeel Heusch,Venlo,30/11/1848,,,,,,,,,,
J.J.A. van Wylick,Venlo,30/11/1848,,,,,,,,,,
C.L.H. Bontamps,Venlo,09/12/1848,,,,,,,,,,
mr. N. Olivier,Zuidhorn,24/03/1869,,,,,,,,,,
jhr. E. de Wendt Alberda van Ekenstein,Zuidhorn,07/04/1869,,,,,,,,,,
H.W. Wierda,Zuidhorn,07/04/1869,,,,,,,,,,
H.W. Wierda,Zuidhorn,08/06/1869,,,,,,,,,,
P.W.A. Cort van der Linden,Groningen,28/10/1884,,,,,,,,,,
J.G. Nederhoed,Appingedam,12/06/1883,,,,,,,,,,
T. Borgesius,Winschoten,18/07/1864,,,,,,,,,,
mr. W. Woldringh,Winschoten,18/07/1864,,,,,,,,,,
T. Borgesius,Winschoten,02/08/1864,,,,,,,,,,
mr. J.W.J. baron van Vos van Steenwijk,Winschoten,26/02/1878,,,,,,,,,,
L.G. Brock,Winschoten,26/02/1878,,,,,,,,,,
D. Mulder Dzn.,Winschoten,12/03/1878,,,,,,,,,,
D. Mulder Dzn.,Winschoten,10/06/1879,,,,,,,,,,
A. Winkler Prins,Winschoten,01/09/1887,,,,,,,,,,
jhr.mr. O.Q. van Swinderen,Winschoten,01/09/1887,,,,,,,,,,
J.G. Nederhoed,Winschoten,01/09/1887,,,,,,,,,,
mr. J.H. Smidt,Winschoten,01/09/1887,,,,,,,,,,
mr. L.N. graaf van Randwijck,Assen,27/08/1850,,,,,,,,,,
mr. P. van der Veen,Assen,12/06/1866,,,,,,,,,,
mr. L. Oldenhuis Gratama,Assen,26/06/1866,,,,,,,,,,
mr. J.W.J. baron van Vos van Steenwijk,Assen,27/11/1877,,,,,,,,,,
mr. J.W.J. baron van Vos van Steenwijk,Assen,12/12/1877,,,,,,,,,,
mr. H. Smeenge,Assen,16/03/1886,,,,,,,,,,
jhr.mr. M.A. de Savornin Lohman,Assen,16/03/1886,,,,,,,,,,
mr. A.F. Jongstra,Leeuwarden,27/08/1850,,,,,,,,,,
mr. S. baron van Heemstra,Leeuwarden,27/08/1850,,,,,,,,,,
mr. S.A. Verweij,Leeuwarden,15/04/1852,,,,,,,,,,
mr. S.A. Verweij,Leeuwarden,29/04/1852,,,,,,,,,,
mr. J.B. Oosting,Leeuwarden,08/06/1852,,,,,,,,,,
mr. J.B. Oosting,Leeuwarden,22/06/1852,,,,,,,,,,
mr. J.P.P. baron van Zuylen van Nijevelt,Leeuwarden,13/06/1854,,,,,,,,,,
mr. S.A. Verweij,Leeuwarden,10/06/1856,,,,,,,,,,
mr. J.B. Oosting,Leeuwarden,11/05/1858,,,,,,,,,,
jhr. W.H. Lycklama Ã Nijeholt,Leeuwarden,08/06/1858,,,,,,,,,,
J. Andreae,Leeuwarden,08/06/1858,,,,,,,,,,
J. Hessels Tacoma,Leeuwarden,12/06/1860,,,,,,,,,,
J. Hessels Tacoma,Leeuwarden,30/10/1860,,,,,,,,,,
mr. B. Brouwer,Leeuwarden,14/06/1864,,,,,,,,,,
mr. B.J.L. baron van Geer van Jutphaas,Leeuwarden,14/06/1864,,,,,,,,,,
mr. B. Brouwer,Leeuwarden,28/06/1864,,,,,,,,,,
J. Andreae,Leeuwarden,15/11/1865,,,,,,,,,,
mr. B.J.L. baron van Geer van Jutphaas,Leeuwarden,15/11/1865,,,,,,,,,,
mr. B. Brouwer,Leeuwarden,15/11/1865,,,,,,,,,,
A. van Assen,Leeuwarden,12/06/1866,,,,,,,,,,
K. Eland,Leeuwarden,28/01/1879,,,,,,,,,,
mr. B. Rinia van Nauta,Sneek,13/06/1854,,,,,,,,,,
mr. S. Wybenga,Sneek,31/05/1855,,,,,,,,,,
mr. G. Groen van Prinsterer,Sneek,31/05/1855,,,,,,,,,,
mr. S.A. Verweij,Sneek,14/06/1855,,,,,,,,,,
M. Kingma Hzn.,Sneek,04/12/1855,,,,,,,,,,
mr. J.J.L. van der Brugghen,Sneek,04/12/1855,,,,,,,,,,
M. Kingma Hzn.,Sneek,18/12/1855,,,,,,,,,,
dr. W.H. Idzerda,Sneek,10/06/1856,,,,,,,,,,
mr. J.J.L. van der Brugghen,Sneek,10/06/1856,,,,,,,,,,
dr. W.H. Idzerda,Sneek,24/06/1856,,,,,,,,,,
mr. A.F. Jongstra,Sneek,08/06/1858,,,,,,,,,,
L. Britzel,Sneek,12/06/1860,,,,,,,,,,
mr. A.F. Jongstra,Sneek,24/06/1862,,,,,,,,,,
jhr.mr. O.Q.J.J. van Swinderen,Sneek,14/06/1864,,,,,,,,,,
M.W. baron van Tour van Bellinchave,Sneek,30/10/1866,,,,,,,,,,
M.W. baron van Tour van Bellinchave,Sneek,22/01/1868,,,,,,,,,,
mr. L.W.C. Keuchenius,Sneek,10/06/1873,,,,,,,,,,
J. Wolbers,Sneek,10/06/1873,,,,,,,,,,
J. Binkes,Sneek,08/06/1875,,,,,,,,,,
W.M. Oppedijk,Sneek,10/06/1879,,,,,,,,,,
W.M. Oppedijk,Sneek,23/11/1880,,,,,,,,,,
W.M. Oppedijk,Sneek,14/06/1881,,,,,,,,,,
mr. W. baron van Heemstra,Sneek,14/06/1881,,,,,,,,,,
W.M. Oppedijk,Sneek,03/01/1882,,,,,,,,,,
W.M. Oppedijk,Sneek,12/06/1883,,,,,,,,,,
W.M. Oppedijk,Sneek,28/10/1884,,,,,,,,,,
mr. U.H. Huber,Sneek,28/10/1884,,,,,,,,,,
jhr. A. Lycklama Ã Nijeholt,Sneek,28/10/1884,,,,,,,,,,
A. baron van Schimmelpenninck van der Oye,Sneek,17/11/1885,,,,,,,,,,
R.K. Okma,Sneek,15/06/1886,,,,,,,,,,
mr. U.H. Huber,Sneek,15/06/1886,,,,,,,,,,
mr. S. baron van Heemstra 2,Sneek,15/06/1886,,,,,,,,,,
mr. W.G. baron van Brantsen van de Zijp,Sneek,05/10/1886,,,,,,,,,,
mr. W.G. baron van Brantsen van de Zijp,Sneek,19/10/1886,,,,,,,,,,
mr. P.J.G. van Diggelen,Sneek,01/09/1887,,,,,,,,,,
W.M. Oppedijk,Sneek,01/09/1887,,,,,,,,,,
mr. W.G. baron van Brantsen van de Zijp,Sneek,01/09/1887,,,,,,,,,,
K. Kater,Sneek,01/09/1887,,,,,,,,,,
jhr.mr. D. de Blocq van Haersma de With,Dokkum,17/05/1853,,,,,,,,,,
jhr. J.A. Lycklama Ã Nijeholt,Dokkum,25/01/1859,,,,,,,,,,
O. baron van Wassenaer van Catwijck,Dokkum,15/09/1863,,,,,,,,,,
mr. P.A.S. van Limburg Brouwer,Dokkum,15/09/1863,,,,,,,,,,
O. baron van Wassenaer van Catwijck,Dokkum,29/09/1863,,,,,,,,,,
O. baron van Wassenaer van Catwijck,Dokkum,15/10/1863,,,,,,,,,,
O. baron van Wassenaer van Catwijck,Dokkum,21/02/1865,,,,,,,,,,
O. baron van Wassenaer van Catwijck,Dokkum,07/03/1865,,,,,,,,,,
M.W. baron van Tour van Bellinchave,Dokkum,22/01/1868,,,,,,,,,,
mr. L.W.C. Keuchenius,Dokkum,10/06/1873,,,,,,,,,,
W. Reilingh,Dokkum,10/06/1873,,,,,,,,,,
mr. L.W.C. Keuchenius,Dokkum,24/06/1873,,,,,,,,,,
mr. L.W.C. Keuchenius,Dokkum,03/11/1874,,,,,,,,,,
mr. B.J. Gratama,Dokkum,08/06/1875,,,,,,,,,,
mr. A.J. Thomassen Ã Thuessink van der Hoop,Dokkum,17/09/1878,,,,,,,,,,
mr. A.J. Thomassen Ã Thuessink van der Hoop,Dokkum,10/06/1879,,,,,,,,,,
dr. A. Kuyper,Dokkum,26/08/1879,,,,,,,,,,
mr. B.J. Gratama,Dokkum,14/06/1881,,,,,,,,,,
mr. U.H. Huber,Dokkum,12/06/1883,,,,,,,,,,
W.M. Oppedijk,Dokkum,13/05/1884,,,,,,,,,,
J.C. Fabius,Dokkum,28/10/1884,,,,,,,,,,
J. de Jong,Dokkum,28/10/1884,,,,,,,,,,
mr. U.H. Huber,Dokkum,15/06/1886,,,,,,,,,,
mr. L.W.C. Keuchenius,Dokkum,15/06/1886,,,,,,,,,,
J.A. de Fremery,Steenwijk,20/02/1851,,,,,,,,,,
mr. N. van Heloma,Steenwijk,05/03/1851,,,,,,,,,,
mr. J. van Lennep,Steenwijk,10/06/1856,,,,,,,,,,
mr. L.W.C. Keuchenius,Steenwijk,08/06/1875,,,,,,,,,,
mr. P.J.G. van Diggelen,Steenwijk,10/06/1879,,,,,,,,,,
mr. P.J.G. van Diggelen,Steenwijk,24/06/1879,,,,,,,,,,
mr. P.J.G. van Diggelen,Steenwijk,11/04/1882,,,,,,,,,,
mr. A.J. Dijckmeester,Steenwijk,12/06/1883,,,,,,,,,,
mr. A.J. Dijckmeester,Steenwijk,28/10/1884,,,,,,,,,,
G.H. Thomassen Ã Thuessink van der Hoop,Steenwijk,15/06/1886,,,,,,,,,,
G.H. Thomassen Ã Thuessink van der Hoop,Steenwijk,01/09/1887,,,,,,,,,,
B.P.G. van Diggelen,Zwolle,27/08/1850,,,,,,,,,,
mr. G. Groen van Prinsterer,Zwolle,27/08/1850,,,,,,,,,,
B.P.G. van Diggelen,Zwolle,08/06/1852,,,,,,,,,,
mr. J.C. Bijsterbos,Zwolle,08/06/1852,,,,,,,,,,
B.P.G. van Diggelen,Zwolle,22/06/1852,,,,,,,,,,
mr. B.W.A.E. baron van Sloet tot Oldhuis,Zwolle,17/05/1853,,,,,,,,,,
mr. J.R. Thorbecke,Zwolle,17/05/1853,,,,,,,,,,
mr. W.L.F.C. ridder van Rappard,Zwolle,31/05/1853,,,,,,,,,,
mr. G. Groen van Prinsterer,Zwolle,13/06/1854,,,,,,,,,,
T.J. Stieltjes,Zwolle,12/06/1860,,,,,,,,,,
T.J. Stieltjes,Zwolle,26/06/1860,,,,,,,,,,
mr. A. van Naamen van Eemnes,Zwolle,09/04/1861,,,,,,,,,,
mr. G.A. de Meester,Zwolle,09/04/1861,,,,,,,,,,
mr. A. van Naamen van Eemnes,Zwolle,23/04/1861,,,,,,,,,,
mr. G. Groen van Prinsterer,Zwolle,10/06/1862,,,,,,,,,,
mr. G. Groen van Prinsterer,Zwolle,24/06/1862,,,,,,,,,,
mr. G.A. IJssel de Schepper,Zwolle,22/03/1864,,,,,,,,,,
O. baron van Wassenaer van Catwijck,Zwolle,22/03/1864,,,,,,,,,,
mr. J.W.J. baron van Vos van Steenwijk,Zwolle,22/03/1864,,,,,,,,,,
mr. H.J.A. Raedt van Oldenbarnevelt,Zwolle,05/04/1864,,,,,,,,,,
T.J. Stieltjes,Zwolle,26/06/1866,,,,,,,,,,
mr. A. van Naamen van Eemnes,Zwolle,30/10/1866,,,,,,,,,,
O. baron van Wassenaer van Catwijck,Zwolle,30/10/1866,,,,,,,,,,
mr. L.W.C. Keuchenius,Zwolle,30/10/1866,,,,,,,,,,
mr. G.A. IJssel de Schepper,Zwolle,13/11/1866,,,,,,,,,,
T.J. Stieltjes,Zwolle,22/01/1868,,,,,,,,,,
mr. G. Groen van Prinsterer,Zwolle,22/01/1868,,,,,,,,,,
mr. J.W. Gefken,Zwolle,08/06/1869,,,,,,,,,,
mr. L.W.C. Keuchenius,Zwolle,10/06/1873,,,,,,,,,,
mr. J.W. Gefken,Zwolle,08/06/1875,,,,,,,,,,
A. baron van Dedem,Zwolle,12/06/1877,,,,,,,,,,
A. baron van Dedem,Zwolle,10/06/1879,,,,,,,,,,
mr. A. van Naamen van Eemnes,Zwolle,24/06/1879,,,,,,,,,,
jhr.mr. J.A. Sandberg,Zwolle,14/06/1881,,,,,,,,,,
mr. S.J. van Roijen,Zwolle,12/06/1883,,,,,,,,,,
mr. S.J. van Roijen,Zwolle,28/10/1884,,,,,,,,,,
mr. D. Wicherlink,Zwolle,28/10/1884,,,,,,,,,,
mr. R.A. Fockema,Zwolle,15/06/1886,,,,,,,,,,
mr. D. Wicherlink,Zwolle,15/06/1886,,,,,,,,,,
mr. R.A. Fockema,Zwolle,01/09/1887,,,,,,,,,,
mr. D. Wicherlink,Zwolle,01/09/1887,,,,,,,,,,
mr. B.G. ten Pol,Almelo,11/09/1850,,,,,,,,,,
G. graaf van Schimmelpenninck,Almelo,17/05/1853,,,,,,,,,,
S.A. van Hoogstraten,Almelo,13/06/1854,,,,,,,,,,
G. graaf van Schimmelpenninck,Almelo,19/01/1855,,,,,,,,,,
mr. B. Brouwer,Almelo,22/07/1862,,,,,,,,,,
mr. P.A.S. van Limburg Brouwer,Almelo,22/07/1862,,,,,,,,,,
mr. B. Brouwer,Almelo,05/08/1862,,,,,,,,,,
mr. P.A.S. van Limburg Brouwer,Almelo,30/10/1866,,,,,,,,,,
jhr.mr. J.W. van Loon,Almelo,30/10/1866,,,,,,,,,,
mr. P.A.S. van Limburg Brouwer,Almelo,13/11/1866,,,,,,,,,,
mr. G.A. Vos de Wael,Almelo,13/11/1866,,,,,,,,,,
jhr.mr. J.W. van Loon,Almelo,13/11/1866,,,,,,,,,,
mr. G.M. van der Linden,Almelo,22/01/1868,,,,,,,,,,
mr. P.A.S. van Limburg Brouwer,Almelo,22/01/1868,,,,,,,,,,
mr. G.A. Vos de Wael,Almelo,04/02/1868,,,,,,,,,,
mr. R.J. graaf van Schimmelpenninck,Almelo,08/06/1869,,,,,,,,,,
mr. G.A. Vos de Wael,Almelo,13/06/1871,,,,,,,,,,
H.A. Insinger,Almelo,10/06/1873,,,,,,,,,,
mr. G.M. van der Linden,Almelo,24/06/1873,,,,,,,,,,
mr. S.J. baron van Pallandt,Almelo,08/06/1875,,ja,,,,,,,,
mr. S.J. baron van Pallandt,Almelo,22/06/1875,,ja,,,,,,,,
mr. G.M. van der Linden,Almelo,12/06/1877,,,,,,,,,,
mr. G.M. van der Linden,Almelo,26/06/1877,,,,,,,,,,
H.P. Gelderman,Almelo,10/06/1879,,ja,,,,,,,,
mr. A. van Laer,Almelo,14/06/1881,,,,,,,,,,
mr. A. van Laer,Almelo,28/06/1881,,,,,,,,,,
mr. A. van Laer,Almelo,12/06/1883,,,,,,,,,,
mr. E.J.I. van Sonsbeeck,Almelo,06/05/1884,,,,,,,,,,
mr. E.J.I. van Sonsbeeck,Almelo,20/05/1884,,,,,,,,,,
J.E. Stork,Almelo,28/10/1884,,ja,,,,,,,,
mr. A.H.M. van Berckel,Almelo,28/10/1884,,,,,,,,,,
mr. A. van Laer,Almelo,11/11/1884,,,,,,,,,,
J.E. Stork,Almelo,11/11/1884,,ja,,,,,,,,
mr. A. van Laer,Almelo,28/11/1884,,,,,,,,,,
mr. A. van Laer,Almelo,15/06/1886,,,,,,,,,,
A.H. Jannink,Almelo,15/06/1886,,,,,,,,,,
jhr. C.M. Storm van 's Gravesande,Deventer,17/05/1853,,,,,,,,,,
mr. J.R. Thorbecke,Deventer,31/05/1853,,,,,,,,,,
jhr. C.M. Storm van 's Gravesande,Deventer,10/06/1856,,,,,,,,,,
mr. W.A.A.J. baron van Schimmelpenninck van der Oye,Deventer,22/01/1868,,,,,,,,,,
A. baron van Schimmelpenninck van der Oye,Deventer,10/06/1873,,,,,,,,,,
mr. W. van der Kaay,Deventer,15/07/1873,,,,,,,,,,
mr. J.W. Gefken,Deventer,08/06/1875,,,,,,,,,,
A. baron van Schimmelpenninck van der Oye,Deventer,12/06/1877,,,,,,,,,,
mr. A.P.R.C. baron van Borch van Verwolde,Deventer,14/06/1881,,,,,,,,,,
mr. A.P.R.C. baron van Borch van Verwolde,Deventer,12/06/1883,,,,,,,,,,
A. baron van Schimmelpenninck van der Oye,Deventer,28/10/1884,,,,,,,,,,
mr. A.P.R.C. baron van Borch van Verwolde,Deventer,28/10/1884,,,,,,,,,,
A. baron van Schimmelpenninck van der Oye,Deventer,15/06/1886,,,,,,,,,,
mr. W.H. Dullert,Zutphen,17/05/1853,,,,,,,,,,
mr. J.P.P. baron van Zuylen van Nijevelt,Zutphen,17/05/1853,,,,,,,,,,
mr. J.J.L. van der Brugghen,Zutphen,13/06/1854,,,,,,,,,,
jhr. C.A.E.A. van Panhuys,Zutphen,10/06/1856,,,,,,,,,,
mr. W.H. Dullert,Zutphen,30/10/1866,,,,,,,,,,
mr. B.A. Reigers,Zutphen,30/10/1866,,,,,,,,,,
mr. W.H. Dullert,Zutphen,13/11/1866,,,,,,,,,,
mr. H.A. ridder van Rappard,Zutphen,22/01/1868,,,,,,,,,,
jhr.mr. C.J.C.H. van Nispen tot Sevenaer,Zutphen,22/01/1868,,,,,,,,,,
mr. Ã. baron van Mackay 2,Zutphen,08/06/1875,,,,,,,,,,
mr. Ã. baron van Mackay 2,Zutphen,20/07/1875,,,,,,,,,,
A. baron van Schimmelpenninck van der Oye,Zutphen,27/11/1877,,,,,,,,,,
mr. T.P. baron van Mackay,Zutphen,10/06/1879,,,,,,,,,,
mr. T.P. baron van Mackay,Zutphen,14/06/1881,,,,,,,,,,
mr. T.P. baron van Mackay,Zutphen,13/12/1881,,,,,,,,,,
jhr.mr. H.B. van Tets,Zutphen,05/12/1882,,ja,,,,,,,,
jhr.mr. H.B. van Tets,Zutphen,12/06/1883,,ja,,,,,,,,
mr. B.J.L. baron van Geer van Jutphaas,Zutphen,28/10/1884,,,,,,,,,,
K.W. van Gorkom,Zutphen,28/10/1884,,,,,,,,,,
mr. B.J.L. baron van Geer van Jutphaas,Zutphen,11/11/1884,,,,,,,,,,
mr. W.G. baron van Brantsen van de Zijp,Zutphen,15/06/1886,,,,,,,,,,
mr. J.D.C. baron van Heeckeren van Kell,Zutphen,15/06/1886,,,,,,,,,,
mr. W.G. baron van Brantsen van de Zijp,Zutphen,01/09/1887,,,,,,,,,,
mr. G. Groen van Prinsterer,Arnhem,27/08/1850,,,,,,,,,,
mr. Ã. baron van Mackay,Arnhem,27/08/1850,,,,,,,,,,
P.C.G. Guyot,Arnhem,24/09/1850,,,,,,,,,,
mr. G.J.C. Schneither,Arnhem,24/09/1850,,,,,,,,,,
P.C.G. Guyot,Arnhem,08/10/1850,,,,,,,,,,
mr. G.J.C. Schneither,Arnhem,08/10/1850,,,,,,,,,,
mr. G.A. de Meester,Arnhem,10/06/1862,,,,,,,,,,
mr. J.F. Pringle,Arnhem,14/06/1864,,,,,,,,,,
mr. L.A.J.W. baron van Sloet van de Beele,Arnhem,30/10/1866,,,,,,,,,,
mr. L.A.J.W. baron van Sloet van de Beele,Arnhem,22/01/1868,,,,,,,,,,
mr. C.T. graaf van Lynden van Sandenburg,Arnhem,22/01/1868,,,,,,,,,,
mr. G. Groen van Prinsterer,Arnhem,22/01/1868,,,,,,,,,,
mr. G. Groen van Prinsterer,Arnhem,04/02/1868,,,,,,,,,,
mr. C.T. graaf van Lynden van Sandenburg,Arnhem,04/02/1868,,,,,,,,,,
jhr.mr. J.W. van Loon,Arnhem,08/06/1869,,,,,,,,,,
mr. L.A.J.W. baron van Sloet van de Beele,Arnhem,13/06/1871,,,,,,,,,,
jhr.mr. A.F. de Savornin Lohman,Arnhem,08/06/1875,,,,,,,,,,
jhr.mr. A.F. de Savornin Lohman,Arnhem,22/06/1875,,,,,,,,,,
mr. W.C.J.J. Cremers,Arnhem,28/05/1878,,,,,,,,,,
jhr.mr. G.J.T. Beelaerts van Blokland,Arnhem,14/06/1881,,,,,,,,,,
mr. H.C. Verniers van der Loeff,Arnhem,12/06/1883,,,,,,,,,,
W. Rooseboom,Arnhem,28/10/1884,,,,,,,,,,
mr. W.G. baron van Brantsen van de Zijp,Arnhem,28/10/1884,,,,,,,,,,
A. baron van Schimmelpenninck van der Oye,Arnhem,11/11/1884,,,,,,,,,,
A. baron van Schimmelpenninck van der Oye,Arnhem,15/06/1886,,,,,,,,,,
mr. R. baron van Melvil van Lynden,Arnhem,15/06/1886,,,,,,,,,,
mr. C.J.A. Heydenrijck,Nijmegen,10/06/1862,,,,,,,,,,
dr. W.R. baron van HoÃ«vell,Tiel,27/08/1850,,,,,,,,,,
mr. J.A.A. Leemans,Tiel,09/11/1852,,,,,,,,,,
mr. J.M. de Kempenaer,Tiel,23/11/1852,,,,,,,,,,
jhr. B. van Merlen,Tiel,08/06/1858,,,,,,,,,,
W.J. Knoop,Tiel,08/06/1869,,,,,,,,,,
mr. C.T. graaf van Lynden van Sandenburg,Tiel,08/06/1869,,,,,,,,,,
T.J. Stieltjes,Tiel,08/06/1869,,,,,,,,,,
mr. C.T. graaf van Lynden van Sandenburg,Tiel,13/06/1871,,,,,,,,,,
mr. L.A.J.W. baron van Sloet van de Beele,Tiel,10/10/1871,,,,,,,,,,
mr. H.J. Dijckmeester,Tiel,15/09/1874,,,,,,,,,,
mr. H.J. Dijckmeester,Tiel,29/09/1874,,,,,,,,,,
P.A.C.H.T.A. WerdmÃ¼ller von Elgg,Tiel,17/04/1877,,,,,,,,,,
jhr.mr. G.J.T. Beelaerts van Blokland,Tiel,10/06/1879,,,,,,,,,,
jhr.mr. G.J.T. Beelaerts van Blokland,Tiel,14/06/1881,,,,,,,,,,
mr. W.H. de Beaufort,Tiel,12/06/1883,,,,,,,,,,
mr. H.J. Dijckmeester,Tiel,28/10/1884,,,,,,,,,,
mr. C. Pijnacker Hordijk,Tiel,28/10/1884,,,,,,,,,,
mr. H.J. Dijckmeester,Tiel,15/06/1886,,,,,,,,,,
mr. P. Rink,Tiel,15/06/1886,,,,,,,,,,
mr. P. Rink,Tiel,01/09/1887,,,,,,,,,,
mr. M. Tydeman jr.,Tiel,01/09/1887,,,,,,,,,,
E.W. van Dam van Isselt,Amersfoort,27/08/1850,,,,,,,,,,
mr. A.W. Engelen,Amersfoort,17/05/1853,,,,,,,,,,
mr. S. van Walchren,Amersfoort,17/05/1853,,,,,,,,,,
mr. A.W. Engelen,Amersfoort,06/06/1853,,,,,,,,,,
mr. J.F. baron van Reede van Oudtshoorn,Amersfoort,10/06/1856,,,,,,,,,,
S.A. van Hoogstraten,Amersfoort,10/06/1856,,,,,,,,,,
mr. A.W. Engelen,Amersfoort,24/06/1856,,,,,,,,,,
mr. A.W. Engelen,Amersfoort,22/09/1857,,,,,,,,,,
mr. A.W. Engelen,Amersfoort,06/10/1857,,,,,,,,,,
mr. J.K. baron van Goltstein,Amersfoort,24/04/1860,,,,,,,,,,
mr. G. Groen van Prinsterer,Amersfoort,08/05/1860,,,,,,,,,,
jhr.mr. H.A.M. van Asch van Wijck,Amersfoort,12/06/1860,,,,,,,,,,
mr. H. Verloren van Themaat,Amersfoort,10/06/1862,,,,,,,,,,
mr. H. Verloren van Themaat,Amersfoort,24/06/1862,,,,,,,,,,
mr. J.K. baron van Goltstein,Amersfoort,08/06/1869,,,,,,,,,,
J.A. Alberdingk Thijm,Amersfoort,13/06/1871,,,,,,,,,,
mr. J.K. baron van Goltstein,Amersfoort,10/06/1873,,,,,,,,,,
mr. W. baron van Goltstein,Amersfoort,23/06/1874,,,,,,,,,,
jhr.mr. M.M. van Asch van Wijck,Amersfoort,07/07/1874,,,,,,,,,,
mr. W. baron van Goltstein,Amersfoort,12/06/1877,,,,,,,,,,
mr. N.P.J. Kien,Utrecht,13/06/1854,,,,,,,,,,
jhr.mr. H.A.M. van Asch van Wijck,Utrecht,27/06/1854,,,,,,,,,,
jhr.mr. J.L.B. de Muralt,Utrecht,08/06/1858,,,,,,,,,,
mr. W.R. Boer,Utrecht,12/06/1866,,,,,,,,,,
mr. C.T. graaf van Lynden van Sandenburg,Utrecht,12/06/1866,,,,,,,,,,
mr. B.G.A. Pabst,Utrecht,12/06/1866,,,,,,,,,,
mr. W.R. Boer,Utrecht,26/06/1866,,,,,,,,,,
mr. H. Verloren van Themaat,Utrecht,13/11/1866,,,,,,,,,,
mr. N.P.J. Kien,Utrecht,13/06/1871,,,,,,,,,,
mr. W.R. Boer,Utrecht,27/06/1871,,,,,,,,,,
mr. J. Messchert van Vollenhoven,Utrecht,10/06/1873,,,,,,,,,,
mr. E. du Marchie van Voorthuysen,Utrecht,24/06/1873,,,,,,,,,,
mr. N.P.J. Kien,Utrecht,08/06/1875,,,,,,,,,,
mr. N.P.J. Kien,Utrecht,22/06/1875,,,,,,,,,,
mr. B.J.L. baron van Geer van Jutphaas,Utrecht,12/06/1877,,,,,,,,,,
M.W. baron van Tour van Bellinchave,Utrecht,10/06/1879,,,,,,,,,,
J.N. Bastert,Utrecht,24/06/1879,,,,,,,,,,
M.W. baron van Tour van Bellinchave,Utrecht,04/11/1879,,,,,,,,,,
J.E.N. baron van Schimmelpenninck van der Oye,Utrecht,12/06/1883,,,,,,,,,,
J.N. Bastert,Utrecht,11/11/1884,,,,,,,,,,
jhr.mr. J. RoÃ«ll,Utrecht,15/06/1886,,,,,,,,,,
mr. W.J. Royaards van den Ham,Utrecht,15/06/1886,,,,,,,,,,
mr. W.J. Royaards van den Ham,Utrecht,01/09/1887,,,,,,,,,,
J. Duyvis,Utrecht,01/09/1887,,,,,,,,,,
A. baron van Schimmelpenninck van der Oye,Hilversum,26/02/1878,,,,,,,,,,
J.F.H. Bekhuis,Hilversum,09/05/1882,,,,,,,,,,
jhr. P. Opperdoes Alewijn,Hoorn,30/11/1848,,,,,,,,,,
J.C. Pilaar,Hoorn,14/12/1848,,,,,,,,,,
G. van Leeuwen,Alkmaar,30/11/1848,,,,,,,,,,
mr. J.S. van Naamen,Amsterdam V,30/11/1848,,,,,,,,,,
mr. J.S. van Naamen,Amsterdam V,14/12/1848,,,,,,,,,,
jhr. P. Opperdoes Alewijn,Hoorn,20/04/1852,,,,,,,,,,
jhr. P. Opperdoes Alewijn,Hoorn,05/05/1852,,,,,,,,,,
J. Donker Hzn.,Hoorn,08/06/1852,,,,,,,,,,
J. Donker Hzn.,Hoorn,17/05/1853,,,,,,,,,,
mr.dr. P.M. Tutein Nolthenius,Hoorn,03/04/1855,,,,,,,,,,
mr. A.S. van Nierop,Hoorn,17/04/1855,,,,,,,,,,
mr. J.G.A. Faber,Hoorn,30/07/1858,,,,,,,,,,
mr.dr. P.M. Tutein Nolthenius,Hoorn,20/03/1860,,,,,,,,,,
mr. M.J. de Lange,Hoorn,03/04/1860,,,,,,,,,,
mr. W. baron van Goltstein,Hoorn,14/06/1864,,,,,,,,,,
mr. W. Terpstra,Hoorn,14/06/1864,,,,,,,,,,
mr. W. baron van Goltstein,Hoorn,28/06/1864,,,,,,,,,,
jhr.mr. W.T. Gevers Deynoot,Hoorn,21/07/1864,,,,,,,,,,
jhr.mr. W.T. Gevers Deynoot,Hoorn,04/08/1864,,,,,,,,,,
mr. W. Terpstra,Hoorn,12/06/1866,,,,,,,,,,
H. Mensonides,Hoorn,30/10/1866,,,,,,,,,,
mr. P.P. van Bosse,Hoorn,30/10/1866,,,,,,,,,,
mr. W. Terpstra,Hoorn,13/11/1866,,,,,,,,,,
mr. W. baron van Goltstein,Hoorn,13/06/1871,,,,,,,,,,
C. Bloem,Hoorn,13/10/1874,,,,,,,,,,
C. Bloem,Hoorn,27/10/1874,,,,,,,,,,
jhr.mr. M.A. de Savornin Lohman,Hoorn,12/06/1883,,,,,,,,,,
jhr.mr. C. van Foreest,Alkmaar,10/06/1856,,,,,,,,,,
mr. A.S. van Nierop,Alkmaar,24/06/1856,,,,,,,,,,
mr. K.A. Poortman,Alkmaar,17/03/1857,,,,,,,,,,
mr. R.J. graaf van Schimmelpenninck,Alkmaar,31/03/1857,,,,,,,,,,
mr. P. BlussÃ© van Oud-Alblas,Alkmaar,12/06/1860,,,,,,,,,,
mr. P. BlussÃ© van Oud-Alblas,Alkmaar,26/06/1860,,,,,,,,,,
J.D. van Herwerden,Alkmaar,12/06/1866,,,,,,,,,,
mr. W. van der Kaay,Alkmaar,30/10/1866,,,,,,,,,,
mr. N. Olivier,Alkmaar,30/10/1866,,,,,,,,,,
mr. W. van der Kaay,Alkmaar,22/01/1868,,,,,,,,,,
mr.dr. E.H. s' Jacob,Alkmaar,22/01/1868,,,,,,,,,,
mr. W. van der Kaay,Alkmaar,04/02/1868,,,,,,,,,,
jhr.mr. C. van Foreest,Alkmaar,08/06/1869,,,,,,,,,,
W.J. Knoop,Alkmaar,30/08/1870,,,,,,,,,,
jhr.mr. H.G.C.L. Janssens,Alkmaar,25/10/1870,,ja,,,,,,,,
mr. R.J. graaf van Schimmelpenninck,Alkmaar,13/06/1871,,,,,,,,,,
mr. W. van der Kaay,Alkmaar,10/06/1873,,,,,,,,,,
mr. W. van der Kaay,Alkmaar,08/06/1875,,,,,,,,,,
mr. J. Heemskerk Azn.,Alkmaar,10/06/1879,,,,,,,,,,
W. Bos,Alkmaar,28/10/1884,,ja,,,,,,,,
mr. J.A.N. Travaglino,Alkmaar,28/10/1884,,,,,,,,,,
jhr. C. Hartsen,Alkmaar,15/06/1886,,,,,,,,,,
H.W. van Marle,Alkmaar,15/06/1886,,,,,,,,,,
jhr. C. Hartsen,Alkmaar,25/10/1887,,,,,,,,,,
J.J. van Mulken,Haarlem,10/06/1862,,,,,,,,,,
mr. J. Heemskerk Bzn.,Haarlem,10/06/1862,,,,,,,,,,
jhr. M. Salvador,Haarlem,10/06/1862,,,,,,,,,,
mr. F.A. van Hall,Haarlem,24/06/1862,,,,,,,,,,
G.L.J. van der Hucht,Haarlem,14/06/1864,,,,,,,,,,
G.L.J. van der Hucht,Haarlem,28/06/1864,,,,,,,,,,
mr. A.S. van Nierop,Haarlem,30/10/1866,,,,,,,,,,
H.G. Jansen,Haarlem,30/10/1866,,,,,,,,,,
mr. A.S. van Nierop,Haarlem,13/11/1866,,,,,,,,,,
H.G. Jansen,Haarlem,13/11/1866,,,,,,,,,,
jhr.mr. J. de Bosch Kemper,Haarlem,22/01/1868,,,,,,,,,,
mr. J.H. Geertsema,Haarlem,22/01/1868,,,,,,,,,,
mr. A.S. van Nierop,Haarlem,22/01/1868,,,,,,,,,,
jhr.mr. J. de Bosch Kemper,Haarlem,04/02/1868,,,,,,,,,,
mr. J.H. Geertsema,Haarlem,04/02/1868,,,,,,,,,,
mr. A.S. van Nierop,Haarlem,04/02/1868,,,,,,,,,,
mr. D. Koorders,Haarlem,25/02/1868,,,,,,,,,,
mr. A.S. van Nierop,Haarlem,10/03/1868,,,,,,,,,,
mr. W. Wintgens,Haarlem,16/02/1869,,,,,,,,,,
mr. J. Kappeyne van de Coppello,Haarlem,15/07/1884,,,,,,,,,,
mr. J.A.N. Travaglino,Haarlem,15/07/1884,,,,,,,,,,
jhr.mr. A.J. Rethaan MacarÃ©,Haarlem,28/10/1884,,,,,,,,,,
mr. J.A.N. Travaglino,Haarlem,28/10/1884,,,,,,,,,,
jhr.mr. A.J. Rethaan MacarÃ©,Haarlem,11/11/1884,,,,,,,,,,
mr. S. baron van Heemstra 2,Haarlem,15/06/1886,,,,,,,,,,
J.J. Rochussen,Amsterdam,08/06/1852,,,,,,,,,,
J.J. Rochussen,Amsterdam,22/06/1852,,,,,,,,,,
mr. P.P. van Bosse,Amsterdam,17/05/1853,,,,,,,,,,
J.C. Rijk,Amsterdam,17/05/1853,,,,,,,,,,
mr. J. Heemskerk Bzn.,Amsterdam,17/05/1853,,,,,,,,,,
jhr. J.P. Cornets de Groot van Kraayenburg,Amsterdam,17/05/1853,,,,,,,,,,
mr. G. Groen van Prinsterer,Amsterdam,17/05/1853,,,,,,,,,,
mr. J. Heemskerk Bzn.,Amsterdam,16/06/1853,,,,,,,,,,
jhr. J.P. Cornets de Groot van Kraayenburg,Amsterdam,13/06/1854,,,,,,,,,,
mr. P. BlussÃ© van Oud-Alblas,Amsterdam,13/06/1854,,,,,,,,,,
mr. J.L. de Bruyn Kops,Amsterdam,08/06/1858,,,,,,,,,,
mr. J. van Lennep,Amsterdam,25/01/1859,,,,,,,,,,
mr. J. van Lennep,Amsterdam,08/02/1859,,,,,,,,,,
W. Poolman,Amsterdam,27/12/1859,,,,,,,,,,
W. Poolman,Amsterdam,20/03/1860,,,,,,,,,,
dr. A. Vrolik,Amsterdam,20/03/1860,,,,,,,,,,
J.G. Rijnders,Amsterdam,03/04/1860,,,,,,,,,,
mr. C. van Heukelom,Amsterdam,12/06/1860,,,,,,,,,,
J.D. van Herwerden,Amsterdam,10/06/1862,,,,,,,,,,
mr. J. Heemskerk Azn.,Amsterdam,14/06/1864,,,,,,,,,,
J.J.A. Santhagens,Amsterdam,14/06/1864,,,,,,,,,,
J.J. Hasselman,Amsterdam,14/06/1864,,,,,,,,,,
mr. J. Heemskerk Azn.,Amsterdam,28/06/1864,,,,,,,,,,
J.J.A. Santhagens,Amsterdam,28/06/1864,,,,,,,,,,
jhr.mr. J. de Bosch Kemper,Amsterdam,30/10/1866,,,,,,,,,,
H.A. Insinger,Amsterdam,30/10/1866,,,,,,,,,,
J. van Swieten,Amsterdam,30/10/1866,,,,,,,,,,
mr. J.J.W. van den Biesen,Amsterdam,30/10/1866,,,,,,,,,,
mr. C. van Heukelom,Amsterdam,30/10/1866,,,,,,,,,,
mr. P.P. van Bosse,Amsterdam,13/11/1866,,,,,,,,,,
J. van Swieten,Amsterdam,13/11/1866,,,,,,,,,,
mr. J.R. Thorbecke,Amsterdam,22/01/1868,,,,,,,,,,
mr. J. Heemskerk Bzn.,Amsterdam,22/01/1868,,,,,,,,,,
T.J. Stieltjes,Amsterdam,22/01/1868,,,,,,,,,,
mr. D. Koorders,Amsterdam,22/01/1868,,,,,,,,,,
mr. J. Wertheim,Amsterdam,22/01/1868,,,,,,,,,,
mr.dr. E.H. s' Jacob,Amsterdam,13/02/1868,,,,,,,,,,
mr. M.J. Pijnappel,Amsterdam,08/06/1869,,,,,,,,,,
dr. J. Bosscha jr.,Amsterdam,12/10/1869,,,,,,,,,,
jhr.mr. G.C.J. van Reenen,Amsterdam,08/02/1870,,,,,,,,,,
mr. T.M.C. Asser,Amsterdam,08/02/1870,,,,,,,,,,
J.P. de Bordes,Amsterdam,13/06/1871,,,,,,,,,,
mr. A.S. van Nierop,Amsterdam,13/06/1871,,,,,,,,,,
H.A. Insinger,Amsterdam,13/06/1871,,,,,,,,,,
J.P. de Bordes,Amsterdam,27/06/1871,,,,,,,,,,
H.A. Insinger,Amsterdam,05/12/1871,,,,,,,,,,
mr.dr. J.A. Jolles,Amsterdam,22/10/1872,,,,,,,,,,
mr. A.S. van Nierop,Amsterdam,22/10/1872,,,,,,,,,,
G. Fabius,Amsterdam,05/11/1872,,,,,,,,,,
G. Fabius,Amsterdam,10/06/1873,,,,,,,,,,
mr.dr. J.A. Jolles,Amsterdam,24/06/1873,,,,,,,,,,
jhr.mr. G.C.J. van Reenen,Amsterdam,08/06/1875,,,,,,,,,,
mr. A.S. van Nierop,Amsterdam,26/02/1878,,,,,,,,,,
mr. M.J. van Lennep,Amsterdam,26/02/1878,,,,,,,,,,
mr. A.S. van Nierop,Amsterdam,12/03/1878,,,,,,,,,,
mr. J. Kappeyne van de Coppello,Amsterdam,03/08/1880,,,,,,,,,,
H.W. van Marle,Amsterdam,27/03/1883,,,,,,,,,,
A. Gildemeester,Amsterdam,27/03/1883,,,,,,,,,,
A. baron van Schimmelpenninck van der Oye,Amsterdam,27/03/1883,,,,,,,,,,
mr. J. Kappeyne van de Coppello,Amsterdam,27/03/1883,,,,,,,,,,
jhr.mr. J.W.H. Rutgers van Rozenburg,Haarlemmermeer,08/06/1869,,,,,,,,,,
mr. J.J.W. van den Biesen,Haarlemmermeer,22/06/1869,,,,,,,,,,
jhr.mr. J.W.H. Rutgers van Rozenburg,Haarlemmermeer,08/06/1875,,,,,,,,,,
H.F. Bultman,Haarlemmermeer,19/03/1878,,,,,,,,,,
H.F. Bultman,Haarlemmermeer,10/06/1879,,,,,,,,,,
H.F. Bultman,Haarlemmermeer,24/06/1879,,,,,,,,,,
mr. D. Visser van Hazerswoude,Haarlemmermeer,12/06/1883,,,,,,,,,,
H.F. Bultman,Haarlemmermeer,15/06/1886,,,,,,,,,,
H.F. Bultman,Haarlemmermeer,29/06/1886,,,,,,,,,,
J.A. de Fremery,Leiden,27/08/1850,,,,,,,,,,
mr. J.H. van der Sande,Leiden,27/08/1850,,,,,,,,,,
J.A. de Fremery,Leiden,10/09/1850,,,,,,,,,,
P.H. baron van Taets van Amerongen,Leiden,17/05/1853,,,,,,,,,,
jhr.mr. G.C.J. van Reenen,Leiden,15/07/1856,,,,,,,,,,
mr. N. Olivier,Leiden,12/08/1856,,,,,,,,,,
mr. R.J. graaf van Schimmelpenninck,Leiden,18/08/1857,,,,,,,,,,
mr.dr. J.J. Teding van Berkhout,Leiden,18/08/1857,,,,,,,,,,
mr. N. Olivier,Leiden,02/09/1857,,,,,,,,,,
mr. G. Groen van Prinsterer,Leiden,10/06/1862,,,,,,,,,,
jhr. J.A.C.A. van Nispen van Sevenaer,Leiden,10/06/1862,,,,,,,,,,
dr. P. Bleeker,Leiden,10/06/1862,,,,,,,,,,
mr. G. Groen van Prinsterer,Leiden,24/06/1862,,,,,,,,,,
mr. G. Groen van Prinsterer,Leiden,12/06/1866,,,,,,,,,,
jhr.mr. H. van Alphen,Leiden,30/10/1866,,,,,,,,,,
mr. J.L. de Bruyn Kops,Leiden,30/10/1866,,,,,,,,,,
mr. J.L. de Bruyn Kops,Leiden,22/01/1868,,,,,,,,,,
jhr.mr. H. van Alphen,Leiden,22/01/1868,,,,,,,,,,
mr. G. Groen van Prinsterer,Leiden,22/01/1868,,,,,,,,,,
P.H. baron van Taets van Amerongen,Leiden,08/06/1869,,,,,,,,,,
mr.dr. J.J. Teding van Berkhout,Leiden,08/06/1869,,,,,,,,,,
mr. H.A. Neeb,Leiden,22/06/1869,,ja,,,,,,,,
jhr.mr. J.L.C. van den Berch van Heemstede,Leiden,18/03/1873,,,,,,,,,,
W.J.F. Nuyens,Leiden,18/03/1873,,,,,,,,,,
mr. H.A. Neeb,Leiden,01/04/1873,,ja,,,,,,,,
mr. H.C. Verniers van der Loeff,Leiden,10/06/1873,,,,,,,,,,
mr. R.J. graaf van Schimmelpenninck,Leiden,10/06/1873,,,,,,,,,,
mr. H.A. Neeb,Leiden,12/06/1877,,ja,,,,,,,,
O. baron van Wassenaer van Catwijck,Leiden,10/06/1879,,,,,,,,,,
mr. L.G. Verwer,Leiden,10/06/1879,,,,,,,,,,
J. Rinkes Borger,Leiden,15/06/1886,,,,,,,,,,
O. baron van Wassenaer van Catwijck,Leiden,15/06/1886,,,,,,,,,,
J.H. Donner,Leiden,15/06/1886,,,,,,,,,,
mr. H. graaf van Limburg Stirum,Leiden,29/06/1886,,,,,,,,,,
J. Rinkes Borger,Leiden,29/06/1886,,,,,,,,,,
O. baron van Wassenaer van Catwijck,Leiden,01/09/1887,,,,,,,,,,
J.H. Donner,Leiden,01/09/1887,,,,,,,,,,
mr. F. Was,Leiden,01/09/1887,,,,,,,,,,
H.J. Bool,Leiden,01/09/1887,,,,,,,,,,
mr. P.L.F. BlussÃ©,Leiden,13/12/1887,,,,,,,,,,
mr. Th. Heemskerk,Leiden,13/12/1887,,,,,,,,,,
mr. J.P. Smeele,Leiden,27/12/1887,,,,,,,,,,
E.C.U. van Doorn,Gouda,27/08/1850,,,,,,,,,,
mr. Ã. baron van Mackay,Gouda,27/08/1850,,,,,,,,,,
mr. G. Groen van Prinsterer,Gouda,22/06/1852,,,,,,,,,,
mr. J.W. Gefken,Gouda,13/06/1853,,,,,,,,,,
jhr.mr. W.M. de Brauw,Gouda,10/06/1856,,,,,,,,,,
mr. J.W. Gefken,Gouda,10/06/1856,,,,,,,,,,
mr. L. Metman,Gouda,24/06/1856,,,,,,,,,,
mr. J.B.L. Wentholt,Gouda,14/06/1864,,ja,,,,,,,,
jhr.mr. W.T. Gevers Deynoot,Gouda,30/10/1866,,,,,,,,,,
mr. P.P. van Bosse,Gouda,30/10/1866,,,,,,,,,,
mr. P.P. van Bosse,Gouda,22/01/1868,,,,,,,,,,
jhr.mr. W.T. Gevers Deynoot,Gouda,22/01/1868,,,,,,,,,,
dr. J. Bosscha jr.,Gouda,08/06/1869,,,,,,,,,,
mr. J.B.L. Wentholt,Gouda,13/06/1871,,ja,,,,,,,,
dr. A. Kuyper,Gouda,10/06/1873,,,,,,,,,,
mr. J.T. Buys,Gouda,10/06/1873,,ja,,,,,,,,
dr. A. Kuyper,Gouda,24/06/1873,,,,,,,,,,
dr. A. Kuyper,Gouda,06/01/1874,,,,,,,,,,
mr. H.C. Verniers van der Loeff,Gouda,20/01/1874,,,,,,,,,,
mr. M. Bichon van Ysselmonde,Gouda,13/02/1874,,,,,,,,,,
jhr.mr. H.J. van der Heim,Gouda,13/02/1874,,,,,,,,,,
mr. J.G. Patijn,Gouda,08/06/1875,,,,,,,,,,
mr. P.P. van Bosse,Gouda,12/06/1877,,,,,,,,,,
mr. J.G. Patijn,Gouda,12/06/1877,,,,,,,,,,
dr. T.C.L. Wijnmalen,Gouda,12/06/1877,,ja,,,,,,,,
jhr.mr. A.F. de Savornin Lohman,Gouda,10/06/1879,,,,,,,,,,
jhr.mr. A.F. de Savornin Lohman,Gouda,24/06/1879,,,,,,,,,,
mr. A.A. van Bergen Ijzendoorn,Gouda,14/06/1881,,ja,,,,,,,,
J. van der Breggen,Gouda,28/10/1884,,ja,,,,,,,,
mr. A.J. Roest,Gouda,28/10/1884,,,,,,,,,,
mr. A.J. Roest,Gouda,15/06/1886,,,,,,,,,,
mr. J. Fortuijn Droogleever,Gouda,15/06/1886,,,,,,,,,,
mr. A.J. Roest,Gouda,01/09/1887,,,,,,,,,,
mr. J. Fortuijn Droogleever,Gouda,01/09/1887,,,,,,,,,,
mr. S.H. Anemaet,Delft,27/08/1850,,,,,,,,,,
mr. H.A.A. van Berckel,Delft,27/08/1850,,,,,,,,,,
mr. K.A. Poortman,Delft,17/05/1853,,,,,,,,,,
jhr.mr. H.G.C.L. Janssens,Delft,12/06/1860,,ja,,,,,,,,
jhr.mr. W.T. Gevers Deynoot,Delft,12/06/1866,,,,,,,,,,
mr. L.W.C. Keuchenius,Delft,12/06/1866,,,,,,,,,,
mr. J.L. de Bruyn Kops,Delft,30/10/1866,,,,,,,,,,
mr. P.P. van Bosse,Delft,30/10/1866,,,,,,,,,,
mr. J. van Kuyk,Delft,22/01/1868,,,,,,,,,,
J.L. Nierstrasz,Delft,22/01/1868,,,,,,,,,,
mr. J.L. de Bruyn Kops,Delft,04/02/1868,,,,,,,,,,
mr. R.J.C. Metelerkamp,Delft,08/06/1869,,,,,,,,,,
C.J. Vaillant,Delft,10/06/1873,,ja,,,,,,,,
C.J. Vaillant,Delft,24/06/1873,,ja,,,,,,,,
C.J. Vaillant,Delft,08/06/1875,,ja,,,,,,,,
C.J. Vaillant,Delft,22/06/1875,,ja,,,,,,,,
S. Gille Heringa,Delft,12/06/1877,,,,,,,,,,
S. Gille Heringa,Delft,26/06/1877,,,,,,,,,,
H. Seret,Delft,10/06/1879,,,,,,,,,,
mr. A.E.J. Modderman,Delft,12/06/1883,,,,,,,,,,
jhr.mr. G.J.T. Beelaerts van Blokland,Delft,12/06/1883,,,,,,,,,,
mr. A.E.J. Modderman,Delft,26/06/1883,,,,,,,,,,
mr. A.J.W. Farncombe Sanders,Delft,28/10/1884,,,,,,,,,,
J.C. Fabius,Delft,28/10/1884,,,,,,,,,,
S. van Velzen jr.,Delft,28/10/1884,,,,,,,,,,
jhr.mr. W.T.C. van Doorn,Delft,15/06/1886,,,,,,,,,,
mr. A.M. Maas Geesteranus,Delft,15/06/1886,,ja,,,,,,,,
jhr.mr. W.T. Gevers Deynoot,Rotterdam,27/08/1850,,,,,,,,,,
mr. A. Hoynck van Papendrecht,Rotterdam,17/05/1853,,,,,,,,,,
J.C. Rijk,Rotterdam,17/05/1853,,,,,,,,,,
mr. A. Hoynck van Papendrecht,Rotterdam,31/05/1853,,,,,,,,,,
J.C. Rijk,Rotterdam,31/05/1853,,,,,,,,,,
J.C. Baud,Rotterdam,13/06/1854,,,,,,,,,,
I.D. Fransen van de Putte,Rotterdam,12/06/1860,,,,,,,,,,
I.D. Fransen van de Putte,Rotterdam,26/06/1860,,,,,,,,,,
W.A. Viruly Verbrugge,Rotterdam,12/06/1866,,,,,,,,,,
mr. D.C.A. graaf van Hogendorp,Rotterdam,22/01/1868,,,,,,,,,,
jhr.mr. J.L.C. van den Berch van Heemstede,Rotterdam,13/06/1871,,,,,,,,,,
W.A. Viruly Verbrugge,Rotterdam,12/06/1877,,,,,,,,,,
mr. A. Kerdijk,Rotterdam,26/02/1878,,,,,,,,,,
mr. A. Kerdijk,Rotterdam,12/03/1878,,,,,,,,,,
mr. W.H. Jansen,Rotterdam,10/06/1879,,,,,,,,,,
dr. P.J.F. Vermeulen,Rotterdam,10/06/1879,,,,,,,,,,
M.L. van Deventer,Rotterdam,24/08/1880,,,,,,,,,,
M.L. van Deventer,Rotterdam,07/09/1880,,,,,,,,,,
W.A. Viruly Verbrugge,Rotterdam,14/06/1881,,,,,,,,,,
G.P. Ittmann,Rotterdam,14/06/1881,,,,,,,,,,
O. van Rees,Rotterdam,12/06/1883,,,,,,,,,,
M.L. van Deventer,Rotterdam,12/02/1884,,,,,,,,,,
jhr.mr. A.F. de Savornin Lohman,Brielle,12/06/1883,,,,,,,,,,
jhr.mr. A.F. de Savornin Lohman,Brielle,28/10/1884,,,,,,,,,,
mr. Ã. baron van Mackay,Den Haag,11/09/1850,,,,,,,,,,
mr. J.P.P. baron van Zuylen van Nijevelt,Den Haag,17/05/1853,,,,,,,,,,
mr. P.P. van Bosse,Den Haag,17/05/1853,,,,,,,,,,
mr. G. Groen van Prinsterer,Den Haag,17/05/1853,,,,,,,,,,
R.F. baron van Raders,Den Haag,23/05/1854,,,,,,,,,,
jhr.mr. W.T. Gevers Deynoot,Den Haag,13/06/1854,,,,,,,,,,
jhr.mr. W.T. Gevers Deynoot,Den Haag,20/09/1855,,,,,,,,,,
jhr.mr. W.T. Gevers Deynoot,Den Haag,10/06/1856,,,,,,,,,,
mr. G. Groen van Prinsterer,Den Haag,24/06/1856,,,,,,,,,,
dr. I.P. Delprat,Den Haag,04/05/1858,,,,,,,,,,
mr. L. Metman,Den Haag,18/05/1858,,,,,,,,,,
mr. L. Metman,Den Haag,08/06/1858,,,,,,,,,,
jhr.mr. W.T. Gevers Deynoot,Den Haag,14/06/1864,,,,,,,,,,
jhr.mr. J.K.J. de Jonge,Den Haag,10/06/1873,,,,,,,,,,
L. Mulder,Den Haag,12/06/1877,,,,,,,,,,
jhr. G.J.G. Klerck,Den Haag,12/06/1883,,,,,,,,,,
mr. W. Wintgens,Den Haag,28/10/1884,,,,,,,,,,
jhr.mr. A.P.C. van Karnebeek,Den Haag,28/10/1884,,,,,,,,,,
R.A.W. Sluiter,Den Haag,11/11/1884,,,,,,,,,,
A. baron van Schimmelpenninck van der Oye,Den Haag,08/04/1885,,,,,,,,,,
mr. R.J. graaf van Schimmelpenninck,Den Haag,15/06/1886,,,,,,,,,,
jhr. C.A. van Sypesteyn,Den Haag,15/06/1886,,,,,,,,,,
mr. R.J. graaf van Schimmelpenninck,Den Haag,01/09/1887,,,,,,,,,,
J. Canter Visscher,Den Haag,01/09/1887,,,,,,,,,,
A. Vogelsang,Dordrecht,27/08/1850,,,,,,,,,,
mr. W. Wijnaendts,Dordrecht,27/08/1850,,,,,,,,,,
mr. G.A. de Raadt,Dordrecht,08/06/1852,,,,,,,,,,
A. Vogelsang,Dordrecht,22/06/1852,,,,,,,,,,
mr. P. BlussÃ© van Oud-Alblas,Dordrecht,13/06/1854,,,,,,,,,,
mr. P. BlussÃ© van Oud-Alblas,Dordrecht,10/06/1856,,,,,,,,,,
A. Vogelsang,Dordrecht,10/06/1856,,,,,,,,,,
mr. P. BlussÃ© van Oud-Alblas,Dordrecht,24/06/1856,,,,,,,,,,
mr. G.A. de Raadt,Dordrecht,27/12/1859,,,,,,,,,,
mr. P. BlussÃ© van Oud-Alblas,Dordrecht,27/12/1859,,,,,,,,,,
mr. G.A. de Raadt,Dordrecht,10/01/1860,,,,,,,,,,
mr. P. BlussÃ© van Oud-Alblas,Dordrecht,13/02/1860,,,,,,,,,,
J.P. Bredius,Dordrecht,13/02/1860,,,,,,,,,,
jhr.mr. H.J. van der Heim,Dordrecht,13/02/1860,,,,,,,,,,
mr. P. BlussÃ© van Oud-Alblas,Dordrecht,28/02/1860,,,,,,,,,,
mr. J.D. van der Poel,Dordrecht,12/06/1860,,,,,,,,,,
mr. J.D. van der Poel,Dordrecht,26/06/1860,,,,,,,,,,
mr. M. Bichon van Ysselmonde,Dordrecht,14/06/1864,,,,,,,,,,
mr. M. Bichon van Ysselmonde,Dordrecht,28/06/1864,,,,,,,,,,
mr. G. Groen van Prinsterer,Dordrecht,12/06/1866,,,,,,,,,,
mr. P. BlussÃ© van Oud-Alblas,Dordrecht,30/10/1866,,,,,,,,,,
mr. L.W.C. Keuchenius,Dordrecht,30/10/1866,,,,,,,,,,
mr. P. BlussÃ© van Oud-Alblas,Dordrecht,13/11/1866,,,,,,,,,,
mr. L.W.C. Keuchenius,Dordrecht,13/11/1866,,,,,,,,,,
mr. M. Bichon van Ysselmonde,Dordrecht,22/01/1868,,,,,,,,,,
mr. M. Bichon van Ysselmonde,Dordrecht,23/06/1868,,,,,,,,,,
jhr.mr. W.T. Gevers Deynoot,Dordrecht,07/07/1868,,,,,,,,,,
mr. L.W.C. Keuchenius,Dordrecht,08/06/1875,,,,,,,,,,
G.A. Loeff,Dordrecht,22/04/1879,,,,,,,,,,
G.A. Loeff,Dordrecht,06/05/1879,,,,,,,,,,
mr. J.B. van Osenbruggen,Dordrecht,10/06/1879,,,,,,,,,,
mr. H.D. Levyssohn Norman,Dordrecht,10/06/1879,,,,,,,,,,
mr. L.W.C. Keuchenius,Dordrecht,24/06/1879,,,,,,,,,,
I. Esser,Dordrecht,14/06/1881,,,,,,,,,,
mr. L.W.C. Keuchenius,Dordrecht,12/06/1883,,,,,,,,,,
mr. L.W.C. Keuchenius,Dordrecht,28/10/1884,,,,,,,,,,
jhr.mr. A.F. de Savornin Lohman,Dordrecht,28/10/1884,,,,,,,,,,
mr. Th. Heemskerk,Dordrecht,15/06/1886,,,,,,,,,,
S. van Velzen jr.,Dordrecht,15/06/1886,,,,,,,,,,
mr. G. Groen van Prinsterer,Gorinchem,27/08/1850,,,,,,,,,,
mr. S.H. Anemaet,Gorinchem,27/08/1850,,,,,,,,,,
mr. J.D. van der Poel,Gorinchem,27/08/1850,,,,,,,,,,
mr. L. Metman,Gorinchem,27/08/1850,,,,,,,,,,
mr. P.L. Begram van Jaarsveld,Gorinchem,27/08/1850,,,,,,,,,,
mr. G. Groen van Prinsterer,Gorinchem,11/09/1850,,,,,,,,,,
C. Schiffer,Gorinchem,11/09/1850,,,,,,,,,,
C. Schiffer,Gorinchem,17/05/1853,,,,,,,,,,
C. Schiffer,Gorinchem,31/05/1853,,,,,,,,,,
W.C.M. Begram,Gorinchem,25/01/1859,,,,,,,,,,
mr. A.J. Korteweg,Gorinchem,25/01/1859,,,,,,,,,,
C. Schiffer,Gorinchem,25/01/1859,,,,,,,,,,
jhr. B. van Merlen,Gorinchem,25/01/1859,,,,,,,,,,
mr. G. Groen van Prinsterer,Gorinchem,08/02/1859,,,,,,,,,,
jhr.mr. P.J. Elout van Soeterwoude,Gorinchem,12/06/1860,,,,,,,,,,
C. Schiffer,Gorinchem,12/06/1860,,,,,,,,,,
mr. A.J. Korteweg,Gorinchem,26/06/1860,,,,,,,,,,
W.A. Viruly Verbrugge,Gorinchem,16/09/1862,,,,,,,,,,
mr. J.D. van der Poel,Gorinchem,16/09/1862,,,,,,,,,,
C. Schiffer,Gorinchem,16/09/1862,,,,,,,,,,
W.A. Viruly Verbrugge,Gorinchem,30/09/1862,,,,,,,,,,
W.A. Viruly Verbrugge,Gorinchem,10/11/1862,,,,,,,,,,
C. Schiffer,Gorinchem,10/11/1862,,,,,,,,,,
W.A. Viruly Verbrugge,Gorinchem,24/11/1862,,,,,,,,,,
jhr.mr. J.W. van Loon,Gorinchem,14/06/1864,,,,,,,,,,
jhr.mr. J.W. van Loon,Gorinchem,28/06/1864,,,,,,,,,,
mr. P.P. van Bosse,Gorinchem,30/10/1866,,,,,,,,,,
jhr.mr. J.W. van Loon,Gorinchem,15/12/1868,,,,,,,,,,
W.J. Knoop,Gorinchem,15/12/1868,,,,,,,,,,
jhr.mr. J.W. van Loon,Gorinchem,29/12/1868,,,,,,,,,,
mr.dr. J.J. Teding van Berkhout,Gorinchem,10/06/1873,,,,,,,,,,
mr. H.J. Dijckmeester,Gorinchem,10/06/1873,,,,,,,,,,
mr. J. Heemskerk Azn.,Gorinchem,24/06/1873,,,,,,,,,,
jhr. G.J.G. Klerck,Gorinchem,10/06/1879,,,,,,,,,,
J.A.A. Waldorp,Gorinchem,23/09/1880,,,,,,,,,,
mr. D. van Eck,Middelburg,17/05/1853,,,,,,,,,,
jhr.mr. P.J. Elout van Soeterwoude,Middelburg,17/05/1853,,,,,,,,,,
mr. C.W.E. Vaillant,Middelburg,31/05/1853,,,,,,,,,,
mr. S. baron van Heemstra,Middelburg,10/06/1862,,,,,,,,,,
jhr.mr. J.G.H. van Tets van Goudriaan,Middelburg,10/06/1862,,,,,,,,,,
mr. W.P. Vis,Middelburg,24/06/1862,,,,,,,,,,
jhr.mr. H.J. van der Heim,Middelburg,22/01/1868,,,,,,,,,,
jhr. J.L. de Jonge,Middelburg,22/01/1868,,,,,,,,,,
jhr. J.L. de Jonge,Middelburg,10/06/1873,,,,,,,,,,
mr. J.P.R. Tak van Poortvliet,Middelburg,08/06/1875,,,,,,,,,,
J. Wolbers,Middelburg,12/06/1877,,,,,,,,,,
H.J. Bool,Middelburg,10/06/1879,,,,,,,,,,
J.C. Fabius,Middelburg,14/06/1881,,,,,,,,,,
mr. P.C. 't Hooft,Middelburg,29/11/1881,,,,,,,,,,
H.J. Bool,Middelburg,03/01/1882,,,,,,,,,,
mr. W.J. Snouck Hurgronje,Middelburg,12/06/1883,,,,,,,,,,
mr. D. van Eck,Middelburg,28/10/1884,,,,,,,,,,
A. Smit,Middelburg,28/10/1884,,,,,,,,,,
mr. D. van Eck,Middelburg,11/11/1884,,,,,,,,,,
mr. L.W.C. Keuchenius,Middelburg,15/06/1886,,,,,,,,,,
jhr.mr. M.A. de Savornin Lohman,Middelburg,15/06/1886,,,,,,,,,,
mr. J.J. van Deinse,Goes,27/08/1850,,,,,,,,,,
mr. G.A. Fokker,Goes,27/08/1850,,,,,,,,,,
mr. J.J. van Deinse,Goes,11/09/1850,,,,,,,,,,
B.P.G. van Diggelen,Goes,10/06/1856,,,,,,,,,,
mr. J.H. de Laat de Kanter,Goes,14/06/1864,,,,,,,,,,
mr. C.J. PickÃ©,Goes,14/06/1864,,,,,,,,,,
O. Verhagen,Goes,14/06/1864,,,,,,,,,,
mr. P.H. Saaymans Vader,Goes,28/06/1864,,,,,,,,,,
mr. P.H. Saaymans Vader,Goes,30/10/1866,,,,,,,,,,
mr. J.H. de Laat de Kanter,Goes,13/11/1866,,,,,,,,,,
mr. C.J. PickÃ©,Goes,22/01/1868,,,,,,,,,,
mr. M.J. de Witt Hamer,Goes,08/06/1875,,,,,,,,,,
dr. P.J.F. Vermeulen,Goes,26/02/1878,,,,,,,,,,
mr. C.T. graaf van Lynden van Sandenburg,Goes,26/02/1878,,,,,,,,,,
dr. P.J.F. Vermeulen,Goes,12/03/1878,,,,,,,,,,
mr. W.A. van Hoek,Goes,10/06/1879,,,,,,,,,,
mr. W.A. van Hoek,Goes,24/06/1879,,,,,,,,,,
mr. L.A. Bijbau,Goes,15/06/1886,,,,,,,,,,
A. baron van Schimmelpenninck van der Oye,Goes,15/06/1886,,,,,,,,,,
W.H.B. Wilkens,Goes,15/06/1886,,,,,,,,,,
jhr.mr. J.L.C. Pompe van Meerdervoort,Goes,29/06/1886,,,,,,,,,,
mr. L.A. Bijbau,Goes,29/06/1886,,,,,,,,,,
mr. S.H. Anemaet,Zierikzee,17/05/1853,,,,,,,,,,
mr. Ã. baron van Mackay,Zierikzee,17/05/1853,,,,,,,,,,
mr. S.H. Anemaet,Zierikzee,31/05/1853,,,,,,,,,,
jhr.mr. J.F. Schuurbeque Boeye,Zierikzee,13/06/1854,,,,,,,,,,
jhr.mr. J.F. Schuurbeque Boeye,Zierikzee,12/02/1863,,,,,,,,,,
C. Goekoop,Zierikzee,12/02/1863,,,,,,,,,,
W.F. del Campo,Zierikzee,12/02/1863,,,,,,,,,,
jhr.mr. J.F. Schuurbeque Boeye,Zierikzee,26/02/1863,,,,,,,,,,
N.R.H. GuljÃ©,Breda,28/06/1859,,,,,,,,,,
W.J. Knoop,Breda,28/06/1859,,,,,,,,,,
N.R.H. GuljÃ©,Breda,12/07/1859,,,,,,,,,,
N.R.H. GuljÃ©,Breda,12/06/1860,,,,,,,,,,
mr. P.J.J. HollingÃ©rus Pijpers,Breda,25/02/1862,,,,,,,,,,
mr. D. Mulder,Breda,25/02/1862,,,,,,,,,,
mr. J.H. van Mierlo,Breda,25/02/1862,,,,,,,,,,
mr. P.J.J. HollingÃ©rus Pijpers,Breda,11/03/1862,,,,,,,,,,
F.H.H. Borret,Breda,22/01/1868,,,,,,,,,,
mr. P.E.A. Janssens,Breda,22/01/1868,,,,,,,,,,
F.H.H. Borret,Breda,04/02/1868,,,,,,,,,,
mr. R. van der Werk,Zevenbergen,12/03/1878,,,,,,,,,,
mr. R. van der Werk,Zevenbergen,23/04/1878,,,,,,,,,,
dr. T.C.L. Wijnmalen,Zevenbergen,23/04/1878,,ja,,,,,,,,
J.H.A. Diepen,Zevenbergen,07/05/1878,,,,,,,,,,
mr. L. van Rijckevorsel,Zevenbergen,14/06/1881,,,,,,,,,,
C.N. Tieleman,Zevenbergen,14/06/1881,,,,,,,,,,
mr. L. van Rijckevorsel,Zevenbergen,28/06/1881,,,,,,,,,,
mr. A.P.R.C. baron van Borch van Verwolde,Zevenbergen,24/06/1884,,,,,,,,,,
mr. R. van der Werk,Zevenbergen,08/07/1884,,,,,,,,,,
mr. A.P.R.C. baron van Borch van Verwolde,Zevenbergen,28/10/1884,,,,,,,,,,
mr. R. van der Werk,Zevenbergen,28/10/1884,,,,,,,,,,
mr. C.J.A. Heydenrijck,Zevenbergen,11/11/1884,,,,,,,,,,
mr. C.C.A. Beens,Tilburg,03/02/1852,,,,,,,,,,
mr. C.C.A. Beens,Tilburg,08/06/1852,,,,,,,,,,
mr. E.J.H. Borret,Tilburg,17/05/1853,,,,,,,,,,
mr. E.J.H. Borret,Tilburg,31/05/1853,,,,,,,,,,
mr. E.J.H. Borret,Tilburg,12/06/1860,,,,,,,,,,
mr. H.A. van Mens,Tilburg,19/01/1864,,,,,,,,,,
mr. D. Mulder,Tilburg,03/02/1864,,,,,,,,,,
mr. F.J. Jespers,Tilburg,30/10/1866,,,,,,,,,,
J.H.A. Diepen,Tilburg,23/11/1880,,,,,,,,,,
J.F. van der Heyde,Tilburg,23/11/1880,,,,,,,,,,
J.H.A. Diepen,Tilburg,07/12/1880,,,,,,,,,,
mr. P. van den Heuvel,Eindhoven,17/05/1853,,,,,,,,,,
mr. M. van den Acker,Eindhoven,17/05/1853,,,,,,,,,,
J.F. van der Heyde,Eindhoven,31/05/1853,,,,,,,,,,
mr. P. van den Heuvel,Eindhoven,05/01/1864,,,,,,,,,,
mr. P.J.A. Smitz,Eindhoven,19/01/1864,,,,,,,,,,
mr. P. van den Heuvel,Eindhoven,22/01/1868,,,,,,,,,,
mr. J.B. Bots,Eindhoven,10/06/1873,,,,,,,,,,
mr. P.J.A. Smitz,Eindhoven,12/06/1877,,,,,,,,,,
J.H.A. Diepen,Eindhoven,10/06/1879,,,,,,,,,,
jhr. L.L.G.M. de Villers de PitÃ©,Maastricht,27/08/1850,,,,,,,,,,
A. Roberti,Maastricht,27/08/1850,,,,,,,,,,
mr. H.J. Brouwers,Maastricht,30/10/1866,,,,,,,,,,
mr. H.J. Brouwers,Maastricht,22/01/1868,,,,,,,,,,
mr. L.H. Wenmaekers,Maastricht,22/01/1868,,,,,,,,,,
A.L.E. Roberti,Maastricht,03/02/1880,,,,,,,,,,
mr. J.L.M. Leclercq,Roermond,27/08/1850,,,,,,,,,,
mr. J.L.M. Leclercq,Roermond,11/09/1850,,,,,,,,,,
J.J.A. van Wylick,Roermond,17/05/1853,,,,,,,,,,
mr. K.L.J. Cornelis,Roermond,12/06/1860,,,,,,,,,,
mr. K.L.J. Cornelis,Roermond,26/06/1860,,,,,,,,,,
mr. J.B.J. Hengst,Roermond,09/04/1861,,,,,,,,,,
mr. F.H.K.E. baron van Keverberg de Kessel,Roermond,10/06/1862,,,,,,,,,,
mr. F.H.K.E. baron van Keverberg de Kessel,Roermond,24/06/1862,,,,,,,,,,
mr. K.L.J. Cornelis,Roermond,01/03/1864,,,,,,,,,,
mr. F.H.K.E. baron van Keverberg de Kessel,Roermond,14/06/1864,,,,,,,,,,
mr. J.H.L. Haffmans,Roermond,12/06/1866,,,,,,,,,,
mr. K.L.J. Cornelis,Roermond,30/10/1866,,,,,,,,,,
J.H. Arnoldts,Roermond,22/01/1868,,,,,,,,,,
mr. P.L. de Lom de Berg,Roermond,22/01/1868,,,,,,,,,,
J.H. Arnoldts,Roermond,04/02/1868,,,,,,,,,,
W.H. Pijls,Roermond,08/06/1869,,,,,,,,,,
J.H. Arnoldts,Roermond,22/06/1869,,,,,,,,,,
mr. K.L.J. Cornelis,Roermond,11/04/1871,,,,,,,,,,
jhr.mr. J.M.B.J. van der Does de Willebois,Boxmeer,22/01/1868,,,,,,,,,,
dr. J.H.H. de Poorter,Den Bosch,27/08/1850,,,,,,,,,,
mr. J.B.H. van de Mortel,Den Bosch,27/08/1850,,,,,,,,,,
mr. J.R. Thorbecke,Den Bosch,27/08/1850,,,,,,,,,,
mr. F.G.J. baron van Rijckevorsel van Kessel,Den Bosch,11/09/1850,,,,,,,,,,
mr. J.R. Thorbecke,Den Bosch,17/05/1853,,,,,,,,,,
mr. E.J.H. Borret,Den Bosch,17/05/1853,,,,,,,,,,
dr. J.H.H. de Poorter,Den Bosch,30/10/1866,,,,,,,,,,
A. Brummelkamp jr.,Groningen,06/03/1888,,,,,,,,,,
dr. H.J.A.M. Schaepman,Groningen,06/03/1888,,,,,,,,,,
A. Brummelkamp jr.,Groningen,09/06/1891,,,,,,,,,,
dr. H.J.A.M. Schaepman,Groningen,09/06/1891,,,,,,,,,,
mr. E.J.J.B. Cremers,Zuidhorn,06/03/1888,,,,,,,,,,
S. van Velzen jr.,Zuidhorn,20/03/1888,,,,,,,,,,
A. Brummelkamp jr.,Zuidhorn,12/02/1891,,,,,,,,,,
M. Noordtzij,Zuidhorn,09/06/1891,,,,,,,,,,
jhr.mr. W.H. de Savornin Lohman,Appingedam,06/03/1888,,,,,,,,,,
jhr.mr. W.H. de Savornin Lohman,Appingedam,09/06/1891,,,,,,,,,,
mr. D. de Ruiter Zijlker,Winschoten,06/03/1888,,,,,,,,,,
P. Dijkhuis,Winschoten,06/03/1888,,,,,,,,,,
D.R. Mansholt,Winschoten,20/03/1888,,,,,,,,,,
B.L. Tijdens,Winschoten,09/06/1891,,,,,,,,,,
mr. D. de Ruiter Zijlker,Winschoten,23/06/1891,,,,,,,,,,
A. Brummelkamp jr.,Veendam,09/06/1891,,,,,,,,,,
mr. E.A. Smidt,Veendam,07/11/1893,,,,,,,,,,
mr. P.J.G. van Diggelen,Veendam,07/11/1893,,,,,,,,,,
mr. M.W.F. Treub,Veendam,21/11/1893,,,,,,,,,,
mr. M.W.F. Treub,Assen,10/04/1894,,,,,,,,,,
C.V. Gerritsen,Leeuwarden,24/01/1893,,,,,,,,,,
J. Troelstra,Leeuwarden,07/02/1893,,,,,,,,,,
A. Buma,Harlingen,06/03/1888,,,,,,,,,,
mr. H. Goeman Borgesius,Harlingen,09/06/1891,,,,,,,,,,
A. Bouman,Harlingen,04/04/1893,,,,,,,,,,
A. Bouman,Harlingen,18/04/1893,,,,,,,,,,
mr. Th. Heemskerk,Harlingen,10/04/1894,,,,,,,,,,
mr. U.H. Huber,Harlingen,10/04/1894,,,,,,,,,,
mr. Th. Heemskerk,Harlingen,24/04/1894,,,,,,,,,,
mr. H. Goeman Borgesius,Sneek,10/04/1894,,,,,,,,,,
mr. W.G. baron van Brantsen van de Zijp,Sneek,10/04/1894,,,,,,,,,,
H. Pollema,Sneek,24/04/1894,,,,,,,,,,
mr. Th. Heemskerk,Sneek,11/05/1894,,,,,,,,,,
mr. U.H. Huber,Sneek,11/05/1894,,,,,,,,,,
mr. J.A. van Gilse,Sneek,25/05/1894,,,,,,,,,,
F. Domela Nieuwenhuis,Schoterland,06/03/1888,,,,,,,,,,
L.W. de Vries,Schoterland,06/03/1888,,,,,,,,,,
B.H. Heldt,Schoterland,20/03/1888,,,,,,,,,,
mr. M.W.F. Treub,Schoterland,09/06/1891,,,,,,,,,,
mr. U.H. Huber,Schoterland,09/06/1891,,,,,,,,,,
F. Domela Nieuwenhuis,Schoterland,23/06/1891,,,,,,,,,,
P. van Vliet,Schoterland,09/07/1891,,,,,,,,,,
P. van Vliet,Schoterland,21/07/1891,,,,,,,,,,
mr. W.J. baron van Welderen Rengers,Dokkum,06/03/1888,,,,,,,,,,
mr. A. Kerdijk,Dokkum,09/06/1891,,,,,,,,,,
P. van Vliet,Dokkum,10/04/1894,,,,,,,,,,
P. van Vliet,Dokkum,24/04/1894,,,,,,,,,,
dr. E.B. Kielstra,Bergum,06/03/1888,,,,,,,,,,
dr. E.B. Kielstra,Bergum,18/09/1888,,,,,,,,,,
mr. H.P. de Kanter,Bergum,09/06/1891,,,,,,,,,,
L.W. de Vries,Bergum,23/06/1891,,,,,,,,,,
dr. A. Kuyper,Bergum,10/04/1894,,,,,,,,,,
mr. P.J.G. van Diggelen,Wolvega,06/03/1888,,,,,,,,,,
dr. V. Bruinsma,Wolvega,06/03/1888,,,,,,,,,,
mr. P.J.G. van Diggelen,Wolvega,20/03/1888,,,,,,,,,,
A. Brummelkamp jr.,Wolvega,09/06/1891,,,,,,,,,,
G.L. van der Zwaag,Wolvega,09/06/1891,,,,,,,,,,
A. Brummelkamp jr.,Wolvega,23/06/1891,,,,,,,,,,
mr. W.H. de Beaufort,Steenwijk,06/03/1888,,,,,,,,,,
mr. W.H. de Beaufort,Steenwijk,10/04/1888,,,,,,,,,,
J. Meesters 2,Steenwijk,09/06/1891,,,,,,,,,,
J. Meesters 2,Steenwijk,10/04/1894,,,,,,,,,,
A. Wiersinga,Steenwijk,10/04/1894,,,,,,,,,,
jhr.mr. G.J.T. Beelaerts van Blokland,Steenwijk,24/04/1894,,,,,,,,,,
M. Noordtzij,Meppel,06/03/1888,,,,,,,,,,
B. Berends,Meppel,09/06/1891,,,,,,,,,,
mr. W.H. de Beaufort,Zwolle,06/03/1888,,,,,,,,,,
mr. J.W.J. baron van Vos van Steenwijk,Zwolle,09/06/1891,,,,,,,,,,
mr. T. Ruijs,Kampen,06/03/1888,,,,,,,,,,
jhr. E. van Weede van Dijkveld,Kampen,10/05/1892,,,,,,,,,,
L.W. de Vries,Franeker,06/03/1888,,,,,,,,,,
L.W. de Vries,Franeker,20/03/1888,,,,,,,,,,
P. van Vliet,Franeker,09/06/1891,,,,,,,,,,
P. van Vliet,Franeker,23/06/1891,,,,,,,,,,
jhr. G.J. van der Wijck,Ommen,06/03/1888,,,,,,,,,,
J. van Alphen,Ommen,09/06/1891,,,,,,,,,,
mr. J.H.A.M. Essink,Ommen,09/06/1891,,,,,,,,,,
jhr. E. van Weede van Dijkveld,Ommen,23/06/1891,,,,,,,,,,
J. Willink,Ommen,10/04/1894,,,,,,,,,,
W.H. Dikkers,Almelo,09/06/1891,,,,,,,,,,
W.H. Dikkers,Almelo,23/07/1891,,,,,,,,,,
J. van Alphen,Enschede,06/03/1888,,,,,,,,,,
mr. J.H.A.M. Essink,Enschede,09/06/1891,,,,,,,,,,
mr. J.H.A.M. Essink,Enschede,23/06/1891,,,,,,,,,,
mr. R.E. Hattink,Enschede,10/04/1894,,,,,,,,,,
mr. W.H. de Beaufort,Enschede,10/04/1894,,,,,,,,,,
mr. R.E. Hattink,Enschede,24/04/1894,,,,,,,,,,
jhr.mr. J.G. ridder van Rappard,Lochem,06/03/1888,,,,,,,,,,
jhr.mr. J.G. ridder van Rappard,Lochem,30/10/1888,,,,,,,,,,
jhr. C.M. Brantsen,Lochem,09/06/1891,,,,,,,,,,
J. van Alphen,Lochem,10/04/1894,,,,,,,,,,
dr. E.B. Kielstra,Lochem,10/04/1894,,,,,,,,,,
J. van Alphen,Lochem,24/04/1894,,,,,,,,,,
jhr.mr. S.M.S. de Ranitz,Zutphen,06/03/1888,,,,,,,,,,
mr. D. Engelberts,Zutphen,09/06/1891,,,,,,,,,,
mr. J.G. Gleichman,Zutphen,10/04/1894,,,,,,,,,,
mr. J.G.S. Bevers,Doetinchem,06/03/1888,,,,,,,,,,
mr. W.G. baron van Brantsen van de Zijp,Doetinchem,06/03/1888,,,,,,,,,,
mr. J.P.R. Tak van Poortvliet,Doetinchem,20/03/1888,,,,,,,,,,
mr. J.G.S. Bevers,Doetinchem,09/06/1891,,,,,,,,,,
mr. W.G. baron van Brantsen van de Zijp,Doetinchem,09/06/1891,,,,,,,,,,
mr. H.F. Hesselink van Suchtelen,Doetinchem,23/06/1891,,,,,,,,,,
mr. R. baron van Melvil van Lynden,Arnhem,06/03/1888,,,,,,,,,,
mr. J.F. Bijleveld,Arnhem,10/04/1894,,,,,,,,,,
mr. G.W. baron van Dedem,Elst,06/03/1888,,,,,,,,,,
jhr.mr. J.G. ridder van Rappard,Elst,06/03/1888,,,,,,,,,,
mr. B.M. Bahlmann,Elst,20/03/1888,,,,,,,,,,
M. de Ras,Elst,09/06/1891,,,,,,,,,,
A.D. Sipman,Elst,09/06/1891,,,,,,,,,,
M. de Ras,Elst,23/06/1891,,,,,,,,,,
E.D. de Meester,Elst,10/04/1894,,,,,,,,,,
E.D. de Meester,Elst,12/06/1894,,,,,,,,,,
E.D. de Meester,Elst,26/06/1894,,,,,,,,,,
jhr.mr. G.J.T. Beelaerts van Blokland,Tiel,06/03/1888,,,,,,,,,,
mr. W. baron van Goltstein,Wijk bij Duurstede,06/03/1888,,,,,,,,,,
jhr.mr. K.A. Godin de Beaufort,Wijk bij Duurstede,06/03/1888,,,,,,,,,,
mr. W. baron van Goltstein,Wijk bij Duurstede,20/03/1888,,,,,,,,,,
jhr.mr. W.H. de Beaufort,Wijk bij Duurstede,09/06/1891,,,,,,,,,,
dr. H.J.A.M. Schaepman,Wijk bij Duurstede,23/06/1891,,,,,,,,,,
S.M. van Wijck,Wijk bij Duurstede,10/04/1894,,,,,,,,,,
S.M. van Wijck,Wijk bij Duurstede,24/04/1894,,,,,,,,,,
jhr. A.W. van Borssele,Ede,09/06/1891,,,,,,,,,,
jhr. A.W. van Borssele,Ede,10/04/1894,,,,,,,,,,
mr. W.H.J. Rooijaards,Amersfoort,09/06/1891,,,,,,,,,,
M. de Ras,Amersfoort,09/06/1891,,,,,,,,,,
mr. W.H.J. Rooijaards,Amersfoort,23/06/1891,,,,,,,,,,
mr. H.P. de Kanter,Apeldoorn,09/06/1891,,,,,,,,,,
jhr.mr. G.W. Mollerus,Apeldoorn,10/04/1894,,,,,,,,,,
jhr.mr. G.W. Mollerus,Apeldoorn,24/04/1894,,,,,,,,,,
A.L.W. Seijffardt,Utrecht,06/03/1888,,,,,,,,,,
J.E.N. baron van Schimmelpenninck van der Oye,Utrecht,06/03/1888,,,,,,,,,,
mr. Ã. baron van Mackay 2,Utrecht,06/03/1888,,,,,,,,,,
H.A. van Beuningen,Utrecht,09/06/1891,,,,,,,,,,
mr. W.K.F.P. graaf van Bylandt,Utrecht,09/06/1891,,,,,,,,,,
jhr.mr. H.M.J. van Asch van Wijck,Utrecht,09/06/1891,,,,,,,,,,
mr. W.H. de Beaufort,Utrecht,10/04/1894,,,,,,,,,,
mr. W.J. Royaards van den Ham,Breukelen,06/03/1888,,,,,,,,,,
C.M.E. van LÃ¶ben Sels,Breukelen,06/03/1888,,,,,,,,,,
S.M. van Wijck,Breukelen,20/03/1888,,,,,,,,,,
S.M. van Wijck,Breukelen,09/06/1891,,,,,,,,,,
mr. W.G. baron van Brantsen van de Zijp,Breukelen,09/06/1891,,,,,,,,,,
S.M. van Wijck,Breukelen,23/06/1891,,,,,,,,,,
dr. H.J.A.M. Schaepman,Breukelen,10/04/1894,,,,,,,,,,
dr. H.J.A.M. Schaepman,Breukelen,24/04/1894,,,,,,,,,,
dr. H.J.A.M. Schaepman,Hilversum,10/04/1894,,,,,,,,,,
dr. H.J.A.M. Schaepman,Hilversum,24/04/1894,,,,,,,,,,
mr. A.P.R.C. baron van Borch van Verwolde,Hilversum,26/01/1897,,,,,,,,,,
A.N.J. Fabius,Hilversum,26/01/1897,,,,,,,,,,
mr. A.P.R.C. baron van Borch van Verwolde,Hilversum,10/02/1897,,,,,,,,,,
mr. M.W.F. Treub,Hoorn,10/09/1891,,,,,,,,,,
mr. A.F. Vos de Wael,Hoorn,10/09/1891,,,,,,,,,,
mr. M.W.F. Treub,Hoorn,24/09/1891,,,,,,,,,,
W. Bos,Enkhuizen,06/03/1888,,ja,,,,,,,,
W. Bos,Enkhuizen,28/10/1890,,ja,,,,,,,,
mr. Th. Heemskerk,Enkhuizen,09/06/1891,,,,,,,,,,
mr. W. van der Kaay,Alkmaar,06/03/1888,,,,,,,,,,
mr. I.A. Levy,Alkmaar,06/03/1888,,,,,,,,,,
jhr. C. Hartsen,Alkmaar,20/03/1888,,,,,,,,,,
A. Goede,Alkmaar,09/06/1891,,,,,,,,,,
A. Goede,Alkmaar,23/06/1891,,,,,,,,,,
mr. M.W.F. Treub,Alkmaar,10/04/1894,,,,,,,,,,
mr. M.W.F. Treub,Alkmaar,24/04/1894,,,,,,,,,,
mr. W. van der Kaay,Alkmaar,20/04/1897,,,,,,,,,,
H.W. van Marle,Den Helder,06/03/1888,,,,,,,,,,
D.C. Loman,Den Helder,06/03/1888,,,,,,,,,,
J.J. Kraakman,Den Helder,30/10/1894,,,,,,,,,,
H. van Calcar,Den Helder,30/10/1894,,,,,,,,,,
J.C. Jansen,Den Helder,30/10/1894,,,,,,,,,,
J.J. Stooker,Den Helder,30/10/1894,,,,,,,,,,
J.J. Kraakman,Den Helder,13/11/1894,,,,,,,,,,
mr. W.H. de Beaufort,Amsterdam,06/03/1888,,,,,,,,,,
mr. B.J.L. baron van Geer van Jutphaas,Amsterdam,06/03/1888,,,,,,,,,,
mr. Th. Heemskerk,Amsterdam,06/03/1888,,,,,,,,,,
H. Waller,Amsterdam,06/03/1888,,,,,,,,,,
E.J.J. Kuinders,Amsterdam,06/03/1888,,,,,,,,,,
jhr.mr. A.F. de Savornin Lohman,Amsterdam,06/03/1888,,,,,,,,,,
mr. L.M. Povel,Amsterdam,06/03/1888,,,,,,,,,,
mr. J.F. Farensbach,Amsterdam,06/03/1888,,,,,,,,,,
dr. J.A.J. van Nederhasselt,Amsterdam,06/03/1888,,,,,,,,,,
P.J. Raaymakers,Amsterdam,06/03/1888,,,,,,,,,,
C.V. Gerritsen,Amsterdam,06/03/1888,,,,,,,,,,
dr. V. Bruinsma,Amsterdam,06/03/1888,,,,,,,,,,
mr. W.H. de Beaufort,Amsterdam,10/04/1894,,,,,,,,,,
mr. I.A. Levy,Amsterdam,10/04/1894,,,,,,,,,,
mr. M.J. Pijnappel,Amsterdam,10/04/1894,,,,,,,,,,
mr. W. van der Kaay,Amsterdam,10/04/1894,,,,,,,,,,
mr. H. Goeman Borgesius,Amsterdam,10/04/1894,,,,,,,,,,
mr. W. Heineken,Amsterdam,10/04/1894,,,,,,,,,,
P. Nolting,Amsterdam,10/04/1894,,,,,,,,,,
mr. G. van Tienhoven,Amsterdam,10/04/1894,,,,,,,,,,
E.J.J. Kuinders,Amsterdam,10/04/1894,,,,,,,,,,
W.K.M. Vrolik,Amsterdam,24/04/1894,,,,,,,,,,
mr. I.A. Levy,Amsterdam,24/04/1894,,,,,,,,,,
mr. M.W.F. Treub,Amsterdam,24/04/1894,,,,,,,,,,
mr. A.J.W. Farncombe Sanders,Haarlem,10/04/1894,,,,,,,,,,
jhr.mr. A.P.C. van Karnebeek,Haarlem,16/05/1894,,,,,,,,,,
jhr.mr. J.W.G. Boreel van Hogelanden,Beverwijk,06/03/1888,,,,,,,,,,
mr. J.A.N. Travaglino,Beverwijk,20/03/1888,,,,,,,,,,
W. Bos,Beverwijk,09/06/1891,,ja,,,,,,,,
K. de Boer,Beverwijk,09/06/1891,,,,,,,,,,
J.J.H. Kervel,Beverwijk,09/06/1891,,,,,,,,,,
W. Bos,Beverwijk,23/06/1891,,ja,,,,,,,,
mr. T.L.M.H. Borret,Beverwijk,20/06/1893,,,,,,,,,,
jhr. C. Hartsen,Beverwijk,20/06/1893,,,,,,,,,,
K. de Boer,Beverwijk,20/06/1893,,,,,,,,,,
H. Waller,Beverwijk,20/06/1893,,,,,,,,,,
dr. J. van Loenen Martinet,Beverwijk,04/07/1893,,,,,,,,,,
dr. J. van Loenen Martinet,Beverwijk,10/04/1894,,,,,,,,,,
dr. J. van Loenen Martinet,Beverwijk,24/04/1894,,,,,,,,,,
W. de Meyier,Zaandam,10/04/1894,,,,,,,,,,
H.F. Bultman,Haarlemmermeer,06/03/1888,,,,,,,,,,
mr. A.P.R.C. baron van Borch van Verwolde,Haarlemmermeer,06/03/1888,,,,,,,,,,
H.F. Bultman,Haarlemmermeer,20/03/1888,,,,,,,,,,
jhr. J.B. van Merlen,Haarlemmermeer,09/06/1891,,,,,,,,,,
dr. T.C.L. Wijnmalen,Haarlemmermeer,09/06/1891,,ja,,,,,,,,
jhr. J.B. van Merlen,Haarlemmermeer,23/06/1891,,,,,,,,,,
mr. F.J.M.A. Reekers,Haarlemmermeer,24/04/1894,,,,,,,,,,
mr. O.J.E. baron van Wassenaer van Catwijck,Leiden,06/03/1888,,,,,,,,,,
mr. O.J.E. baron van Wassenaer van Catwijck,Leiden,09/06/1891,,,,,,,,,,
mr. J. Maschek,Katwijk,06/03/1888,,,,,,,,,,
jhr.mr. H.A.C. de la Bassecour Caan,Katwijk,06/03/1888,,,,,,,,,,
mr. J. Maschek,Katwijk,20/03/1888,,,,,,,,,,
A. op de Laak,Katwijk,09/06/1891,,,,,,,,,,
A. op de Laak,Katwijk,23/06/1891,,,,,,,,,,
J.H. Donner,Katwijk,10/04/1894,,,,,,,,,,
J.H. Donner,Katwijk,11/05/1894,,,,,,,,,,
mr. F.J.M.A. Reekers,Katwijk,25/05/1894,,,,,,,,,,
mr. J.G. Patijn,Gouda,06/03/1888,,,,,,,,,,
mr. J. Fortuijn Droogleever,Gouda,15/05/1888,,,,,,,,,,
mr. O.J.E. baron van Wassenaer van Catwijck,Gouda,09/06/1891,,,,,,,,,,
mr. O.J.E. baron van Wassenaer van Catwijck,Gouda,23/06/1891,,,,,,,,,,
P. van der Breggen,Gouda,24/11/1891,,,,,,,,,,
T.G.G. Valette,Gouda,30/05/1893,,,,,,,,,,
A. Brummelkamp jr.,Gouda,30/05/1893,,,,,,,,,,
J.N. Bastert,Gouda,13/06/1893,,,,,,,,,,
T.G.G. Valette,Gouda,10/04/1894,,,,,,,,,,
T.G.G. Valette,Gouda,24/04/1894,,,,,,,,,,
mr. J.G. Patijn,Bodegraven,06/03/1888,,,,,,,,,,
A.J.T. Hofman,Bodegraven,06/03/1888,,,,,,,,,,
mr. J.G. Patijn,Bodegraven,20/03/1888,,,,,,,,,,
S. van Velzen jr.,Bodegraven,09/06/1891,,,,,,,,,,
J.N. Bastert,Bodegraven,23/06/1891,,,,,,,,,,
A. Knijff,Bodegraven,10/04/1894,,,,,,,,,,
jhr.mr. G.J.T. Beelaerts van Blokland,Bodegraven,10/04/1894,,,,,,,,,,
J.J. Duynstee,Bodegraven,10/04/1894,,,,,,,,,,
C.M.E. van LÃ¶ben Sels,Bodegraven,24/04/1894,,,,,,,,,,
mr. J.G. Gleichman,Delft,06/03/1888,,,,,,,,,,
jhr.mr. A.P.C. van Karnebeek,Delft,22/04/1890,,,,,,,,,,
mr. J.P.R. Tak van Poortvliet,Delft,09/06/1891,,,,,,,,,,
mr. J.P.R. Tak van Poortvliet,Delft,23/06/1891,,,,,,,,,,
mr. H.A. van de Velde,Delft,10/04/1894,,,,,,,,,,
jhr.mr. W.T.C. van Doorn,Loosduinen,06/03/1888,,,,,,,,,,
J.C. Fabius,Loosduinen,06/03/1888,,,,,,,,,,
jhr.mr. W.T.C. van Doorn,Loosduinen,20/03/1888,,,,,,,,,,
mr. H.A. van de Velde,Loosduinen,09/06/1891,,,,,,,,,,
mr. H.P. de Kanter,Loosduinen,09/06/1891,,,,,,,,,,
mr. H.A. van de Velde,Loosduinen,23/06/1891,,,,,,,,,,
mr. H.A. van de Velde,Loosduinen,10/04/1894,,,,,,,,,,
mr. H.A. van de Velde,Loosduinen,24/04/1894,,,,,,,,,,
L.W. Jansen,Schiedam,06/03/1888,,,,,,,,,,
J.C. Fabius,Schiedam,06/03/1888,,,,,,,,,,
L.W. Jansen,Schiedam,20/03/1888,,,,,,,,,,
jhr.mr. W. Six,Schiedam,20/11/1888,,,,,,,,,,
mr. A.P.R.C. baron van Borch van Verwolde,Schiedam,09/06/1891,,,,,,,,,,
mr. J.G. Gleichman,Schiedam,23/06/1891,,,,,,,,,,
S.A. Maas,Schiedam,10/04/1894,,,,,,,,,,
S.A. Maas,Schiedam,24/04/1894,,,,,,,,,,
mr. Th. Heemskerk,Brielle,06/03/1888,,,,,,,,,,
H. Seret,Brielle,09/06/1891,,,,,,,,,,
H. Seret,Brielle,10/04/1894,,,,,,,,,,
H. Seret,Brielle,24/04/1894,,,,,,,,,,
mr. L.P.M.H. baron van Michiels van Verduynen,Den Haag,06/03/1888,,,,,,,,,,
mr. H.M.A. baron van Goes van Dirxland,Den Haag,06/03/1888,,,,,,,,,,
P.C. Evers,Den Haag,06/03/1888,,,,,,,,,,
mr. L.P.M.H. baron van Michiels van Verduynen,Den Haag,20/03/1888,,,,,,,,,,
mr. H.M.A. baron van Goes van Dirxland,Den Haag,20/03/1888,,,,,,,,,,
M.W. baron van Tour van Bellinchave,Den Haag,29/10/1889,,,,,,,,,,
mr. R.J. graaf van Schimmelpenninck,Den Haag,09/06/1891,,,,,,,,,,
L.J.S. van Kempen,Den Haag,09/06/1891,,,,,,,,,,
C.A. Steger,Den Haag,09/06/1891,,,,,,,,,,
J.M. Pijnacker Hordijk,Den Haag,11/05/1894,,,,,,,,,,
mr. A.J.W. van Roijen,Den Haag,11/05/1894,,,,,,,,,,
mr. J.G.S. Bevers,Den Haag,25/05/1894,,,,,,,,,,
mr. J.B. van Osenbruggen,Dordrecht,06/03/1888,,,,,,,,,,
mr. R. van der Borch van Verwolde,Dordrecht,20/03/1888,,,,,,,,,,
J.G. van Schaardenburg,Dordrecht,26/03/1889,,ja,,,,,,,,
jhr.mr. J.J. Pompe van Meerdervoort,Dordrecht,09/06/1891,,,,,,,,,,
dr. A. Kuyper,Dordrecht,24/04/1894,,,,,,,,,,
mr. J.B. van Osenbruggen,Ridderkerk,06/03/1888,,,,,,,,,,
mr. Th. Heemskerk,Ridderkerk,09/06/1891,,,,,,,,,,
mr. Th. Heemskerk,Ridderkerk,10/04/1894,,,,,,,,,,
mr. Th. Heemskerk,Ridderkerk,24/04/1894,,,,,,,,,,
J.J. van Tienhoven van den Boogaard,Gorinchem,06/03/1888,,,,,,,,,,
W.F. Tak,Gorinchem,09/06/1891,,,,,,,,,,
J.F.W. Conrad,Gorinchem,10/04/1894,,,,,,,,,,
K. van Wijngaarden,Sliedrecht,06/03/1888,,,,,,,,,,
J. Lels,Sliedrecht,09/06/1891,,,,,,,,,,
J.A. van Haaften,Sliedrecht,24/04/1894,,,,,,,,,,
A. Smit,Middelburg,06/03/1888,,,,,,,,,,
A. Smit,Middelburg,20/03/1888,,,,,,,,,,
mr. C. Lucasse,Middelburg,09/06/1891,,,,,,,,,,
mr. E. Fokker,Middelburg,25/06/1891,,,,,,,,,,
N. Glinderman,Oostburg,06/03/1888,,,,,,,,,,
mr. P.C.J. Hennequin,Oostburg,20/03/1888,,,,,,,,,,
N. Glinderman,Oostburg,09/06/1891,,,,,,,,,,
J.H.C. Heijse,Goes,18/03/1890,,,,,,,,,,
J.H.C. Heijse,Goes,09/06/1891,,,,,,,,,,
jhr.mr. J.J. Pompe van Meerdervoort,Hontenisse,06/03/1888,,,,,,,,,,
jhr.mr. J.J. Pompe van Meerdervoort,Hontenisse,20/03/1888,,,,,,,,,,
jhr.mr. J.J. Pompe van Meerdervoort,Hontenisse,09/06/1891,,,,,,,,,,
jhr.mr. J.J. Pompe van Meerdervoort,Hontenisse,23/06/1891,,,,,,,,,,
mr. F.J.F.M. Walter,Hontenisse,24/04/1894,,,,,,,,,,
mr. D.P.D. Fabius,Zierikzee,06/03/1888,,,,,,,,,,
L.D.J.L. de Ram,Bergen op Zoom,06/03/1888,,,,,,,,,,
mr. J.G.S. Bevers,Bergen op Zoom,06/03/1888,,,,,,,,,,
W.H.B. Wilkens,Bergen op Zoom,20/03/1888,,,,,,,,,,
mr. T.L.M.H. Borret,Oosterhout,09/06/1891,,,,,,,,,,
mr. A.F. Vos de Wael,Waalwijk,09/06/1891,,,,,,,,,,
E.F.H.J. de Beaumont,Maastricht,15/05/1888,,,,,,,,,,
M. de Ras,Maastricht,28/06/1892,,,,,,,,,,
mr. G.A.A. Tripels,Maastricht,28/06/1892,,,,,,,,,,
G.L.D. Franquinet,Maastricht,28/06/1892,,,,,,,,,,
C. Schreinemacher,Maastricht,12/07/1892,,,,,,,,,,
G. Smeets,Gulpen,06/03/1888,,,,,,,,,,
mr. L. Geradts,Roermond,18/06/1889,,,,,,,,,,
mr. E. Fokker,Alkmaar,15/06/1897,,,,,,,,,,
jhr.mr. T.A.J. van Asch van Wijck,Alkmaar,25/06/1897,,,,,,,,,,
mr. M.J. Pijnappel,Amsterdam I,15/06/1897,,,,,,,,,,
mr. A. Kerdijk,Amsterdam I,15/06/1897,,,,,,,,,,
F.G. Mellink Pzn.,Amsterdam II,15/06/1897,,ja,,,,,,,,
G.A. Aalderink,Amsterdam II,15/06/1897,,,,,,,,,,
T.J. Weesing,Amsterdam II,15/06/1897,,,,,,,,,,
A.D. de Marez Oyens,Amsterdam II,15/06/1897,,,,,,,,,,
F.G. Mellink Pzn.,Amsterdam II,25/06/1897,,ja,,,,,,,,
W. Hovy,Amsterdam III,15/06/1897,,,,,,,,,,
C.V. Gerritsen,Amsterdam III,15/06/1897,,,,,,,,,,
C.H. den Hertog,Amsterdam III,18/03/1901,,,,,,,,,,
mr. Z. van den Bergh,Amsterdam III,18/03/1901,,,,,,,,,,
H. Polak,Amsterdam III,25/03/1901,,,,,,,,,,
mr. Z. van den Bergh,Amsterdam IV,15/06/1897,,,,,,,,,,
mr. Z. van den Bergh,Amsterdam IV,25/06/1897,,,,,,,,,,
T.M. Ketelaar,Amsterdam V,15/06/1897,,,,,,,,,,
W.C.J. Passtoors,Amsterdam V,15/06/1897,,,,,,,,,,
mr. D.P.D. Fabius,Amsterdam V,15/06/1897,,,,,,,,,,
mr. N.G. Pierson,Amsterdam V,25/06/1897,,,,,,,,,,
W.J. Geertsema,Amsterdam VI,17/08/1897,,,,,,,,,,
C.V. Gerritsen,Amsterdam VI,17/08/1897,,,,,,,,,,
W.C.J. Passtoors,Amsterdam VII,15/06/1897,,,,,,,,,,
G.H. Wagenaar,Amsterdam VII,15/06/1897,,,,,,,,,,
W.C.J. Passtoors,Amsterdam VII,25/06/1897,,,,,,,,,,
mr. Th. Heemskerk,Amsterdam VIII,15/06/1897,,,,,,,,,,
W.C.J. Passtoors,Amsterdam VIII,15/06/1897,,,,,,,,,,
mr. I.A. Levy,Amsterdam VIII,15/06/1897,,,,,,,,,,
A. Harmsen jr.,Amsterdam VIII,15/06/1897,,,,,,,,,,
mr. Th. Heemskerk,Amsterdam VIII,25/06/1897,,,,,,,,,,
dr. A. Kuyper,Amsterdam IX,15/06/1897,,,,,,,,,,
mr. Th. Heemskerk,Amsterdam IX,28/07/1897,,,,,,,,,,
H.C. van der Houven van Oordt,Apeldoorn,15/06/1897,,,,,,,,,,
J. Bouwes,Appingedam,15/06/1897,,,,,,,,,,
mr. J.P.R. Tak van Poortvliet,Beverwijk,15/06/1897,,,,,,,,,,
mr. T.L.M.H. Borret,Beverwijk,25/06/1897,,,,,,,,,,
J.T. Cremer,Beverwijk,22/02/1901,,,,,,,,,,
A. Knijff,Bodegraven,15/06/1897,,,,,,,,,,
mr. J.C. von Briel Sasse,Bodegraven,25/06/1897,,,,,,,,,,
mr. N.G. Pierson,Delft,15/06/1897,,,,,,,,,,
mr. N.G. Pierson,Delft,25/06/1897,,,,,,,,,,
A.P. Staalman,Brielle,15/06/1897,,,,,,,,,,
jhr.mr. J.E. Huydecoper van Maarseveen en Nichtevecht,Breukelen,15/06/1897,,,,,,,,,,
J. Stoffel,Deventer,15/06/1897,,,,,,,,,,
dr. H.J.A.M. Schaepman,Deventer,15/06/1897,,,,,,,,,,
mr. A. van Delden,Deventer,25/06/1897,,,,,,,,,,
mr. Th. Heemskerk,Deventer,15/02/1898,,,,,,,,,,
dr. J. van Loenen Martinet,Deventer,15/02/1898,,,,,,,,,,
dr. J. van Loenen Martinet,Deventer,07/12/1898,,,,,,,,,,
mr. E. Schaafsma,Dokkum,15/06/1897,,,,,,,,,,
H. Pollema,Dokkum,25/06/1897,,,,,,,,,,
H.A. Pauwen,Doetinchem,15/06/1897,,,,,,,,,,
dr. M.A. Brants,Doetinchem,15/06/1897,,,,,,,,,,
H.A. Pauwen,Doetinchem,25/06/1897,,,,,,,,,,
S.M.H. van Gijn,Dordrecht,15/06/1897,,,,,,,,,,
mr. J.M. Rens,Dordrecht,25/06/1897,,,,,,,,,,
mr. N.G. Pierson,Enschede,15/06/1897,,,,,,,,,,
mr. A.F. Vos de Wael,Enschede,25/06/1897,,,,,,,,,,
H.H. van Kol,Enschede,17/08/1897,,,,,,,,,,
mr. G. Jannink,Enschede,17/08/1897,,,,,,,,,,
J.H. ter Veer,Enschede,24/08/1897,,,,,,,,,,
H. Raat 2,Enkhuizen,15/06/1897,,,,,,,,,,
A. Kool 2,Enkhuizen,19/10/1897,,,,,,,,,,
C.V. Gerritsen,Enkhuizen,19/10/1897,,,,,,,,,,
H. Raat 2,Enkhuizen,26/10/1897,,,,,,,,,,
H. Kamstra,Franeker,15/06/1897,,,,,,,,,,
Z. Middelkoop,Franeker,15/06/1897,,,,,,,,,,
H. Kamstra,Franeker,25/06/1897,,,,,,,,,,
mr. C.J.E. graaf van Bylandt,Gouda,15/06/1897,,,,,,,,,,
L.F. Duymaer van Twist,Gouda,25/06/1897,,,,,,,,,,
mr. N.G. Pierson,Gorinchem,15/06/1897,,,,,,,,,,
H.A. le Bron de Vexela,Den Haag II,15/06/1897,,,,,,,,,,
H.A. le Bron de Vexela,Den Haag II,25/06/1897,,,,,,,,,,
J.D. baron van Wassenaer van Rosande,Den Haag III,15/06/1897,,,,,,,,,,
H.J.G. van Hoogstraten,Den Haag III,15/06/1897,,,,,,,,,,
H.D. Guyot,Den Haag III,15/06/1897,,,,,,,,,,
J.D. baron van Wassenaer van Rosande,Den Haag III,25/06/1897,,,,,,,,,,
mr. S. van Houten,Groningen,15/06/1897,,,,,,,,,,
A. Brummelkamp jr.,Groningen,15/06/1897,,,,,,,,,,
mr. L.H.W. Regout,Gulpen,15/06/1897,,,,,,,,,,
jhr.mr. F.W. van Styrum,Haarlem,11/05/1900,,,,,,,,,,
mr. H.P. de Kanter,Haarlem,11/05/1900,,,,,,,,,,
L. Modoo,Haarlem,11/05/1900,,,,,,,,,,
W.A.J. van de Kamp,Haarlem,11/05/1900,,,,,,,,,,
dr. P.J. Muller,Haarlem,11/05/1900,,,,,,,,,,
jhr.mr. T.A.J. van Asch van Wijck,Haarlem,18/05/1900,,,,,,,,,,
G.B. 't Hooft,Haarlemmermeer,15/06/1897,,,,,,,,,,
mr. F.J.M.A. Reekers,Haarlemmermeer,25/06/1897,,,,,,,,,,
A. Bouman,Harlingen,15/06/1897,,,,,,,,,,
dr. J.T. de Visser,Harlingen,15/06/1897,,,,,,,,,,
jhr.mr. T.A.J. van Asch van Wijck,Harlingen,25/06/1897,,,,,,,,,,
dr. C. Lely,Den Helder,15/06/1897,,,,,,,,,,
dr. C. Lely,Den Helder,25/06/1897,,,,,,,,,,
mr. J.G. van Deinse,Hontenisse,15/06/1897,,,,,,,,,,
jhr.mr. J.J. Pompe van Meerdervoort,Hontenisse,15/06/1897,,,,,,,,,,
mr. F.J.F.M. Walter,Hontenisse,25/06/1897,,,,,,,,,,
A. Wiersinga,Hoogezand,15/06/1897,,,,,,,,,,
J.H. Donner,Katwijk,15/06/1897,,,,,,,,,,
jhr. J.W.J.C.M. van Nispen tot Sevenaer,Katwijk,25/06/1897,,,,,,,,,,
mr. P.J. Troelstra,Leeuwarden,15/06/1897,,,,,,,,,,
dr. E.B. Kielstra,Leeuwarden,15/06/1897,,,,,,,,,,
W.C. van Munster,Leeuwarden,15/06/1897,,,,,,,,,,
J.F.H. Bekhuis,Leeuwarden,15/06/1897,,,,,,,,,,
C.V. Gerritsen,Leeuwarden,25/06/1897,,,,,,,,,,
W. Bax,Leeuwarden,27/07/1897,,,,,,,,,,
W.C. van Munster,Leeuwarden,27/07/1897,,,,,,,,,,
W. Bax,Leeuwarden,03/08/1897,,,,,,,,,,
mr. H.L. Drucker,Leiden,15/06/1897,,,,,,,,,,
A. Brummelkamp jr.,Loosduinen,15/06/1897,,,,,,,,,,
J.M. Pijnacker Hordijk,Loosduinen,15/06/1897,,,,,,,,,,
mr. A.H.M. van Berckel,Loosduinen,25/06/1897,,,,,,,,,,
mr. J.L.G.L.P. Haex,Maastricht,02/03/1900,,,,,,,,,,
mr. E. Fokker,Middelburg,15/06/1897,,,,,,,,,,
mr. E. Fokker,Middelburg,25/06/1897,,,,,,,,,,
N. Glinderman,Oostburg,15/06/1897,,,,,,,,,,
mr. A.P.R.C. baron van Borch van Verwolde,Ridderkerk,15/06/1897,,,,,,,,,,
mr. G.J. Goekoop,Ridderkerk,25/06/1897,,,,,,,,,,
dr. J.T. de Visser,Rotterdam I,15/06/1897,,,,,,,,,,
dr. R.P. Mees R.Az.,Rotterdam I,25/06/1897,,,,,,,,,,
jhr.mr. T.A.J. van Asch van Wijck,Rotterdam II,15/06/1897,,,,,,,,,,
dr. H.J.A.M. Schaepman,Rotterdam III,15/06/1897,,,,,,,,,,
dr. W.B. van Staveren,Rotterdam IV,15/06/1897,,,,,,,,,,
dr. W.B. van Staveren,Rotterdam IV,25/06/1897,,,,,,,,,,
jhr.mr. T.A.J. van Asch van Wijck,Rotterdam IV,18/01/1898,,,,,,,,,,
jhr.mr. T.A.J. van Asch van Wijck,Rotterdam IV,25/01/1898,,,,,,,,,,
H. Pyttersen,Schoterland,15/06/1897,,,,,,,,,,
dr. A. Kuyper,Schoterland,15/06/1897,,,,,,,,,,
H. Pyttersen,Schoterland,25/06/1897,,,,,,,,,,
mr. J.A. van Gilse,Sneek,15/06/1897,,,,,,,,,,
W. Kroese,Sneek,15/06/1897,,,,,,,,,,
mr. Th. Heemskerk,Sneek,25/06/1897,,,,,,,,,,
mr. A.P.R.C. baron van Borch van Verwolde,Steenwijk,15/06/1897,,,,,,,,,,
mr. A.P.R.C. baron van Borch van Verwolde,Steenwijk,25/06/1897,,,,,,,,,,
mr. P.J. Troelstra,Tietjerksteradeel,15/06/1897,,,,,,,,,,
J.D. de Vries,Tietjerksteradeel,25/06/1897,,,,,,,,,,
jhr.mr. A.P.C. van Karnebeek,Utrecht I,15/06/1897,,,,,,,,,,
H.A. van Beuningen,Utrecht I,15/06/1897,,,,,,,,,,
mr. N. de Ridder,Utrecht I,25/06/1897,,,,,,,,,,
J.N. Bastert,Utrecht II,15/06/1897,,,,,,,,,,
A.L.W. Seijffardt,Utrecht II,15/06/1897,,,,,,,,,,
J.W. Bergansius,Utrecht II,25/06/1897,,,,,,,,,,
M.H.A. van der Valk,Veendam,15/06/1897,,,,,,,,,,
mr. E.A. Smidt,Veendam,17/03/1899,,,,,,,,,,
P. van Vliet,Weststellingwerf,15/06/1897,,,,,,,,,,
mr. P.J. Troelstra,Winschoten,15/06/1897,,,,,,,,,,
B.L. Tijdens,Winschoten,15/06/1897,,,,,,,,,,
A. Wiersinga,Winschoten,15/06/1897,,,,,,,,,,
dr. D. Bos,Winschoten,25/06/1897,,,,,,,,,,
H.H. van Kol,Winschoten,27/07/1897,,,,,,,,,,
C.V. Gerritsen,Winschoten,27/07/1897,,,,,,,,,,
P. Dijkhuis,Winschoten,27/07/1897,,,,,,,,,,
H.H. van Kol,Winschoten,03/08/1897,,,,,,,,,,
G. Zijlma,Zuidhorn,15/06/1897,,,,,,,,,,
dr. A. Kuyper,Zuidhorn,25/06/1897,,,,,,,,,,
H.W.C. de Jonge,Zutphen,15/06/1897,,,,,,,,,,
J. Hoven,Zwolle,25/06/1897,,ja,,,,,,,,
mr. H.P. de Kanter,Apeldoorn,14/06/1901,,,,,,,,,,
J.S.F. van Hoogstraten,Arnhem,14/06/1901,,,,,,,,,,
J.S.F. van Hoogstraten,Arnhem,27/06/1901,,,,,,,,,,
mr. H.F. Hesselink van Suchtelen,Doetinchem,14/06/1901,,,,,,,,,,
jhr.mr. H.W. van Asch van Wijck,Lochem,14/06/1901,,,,,,,,,,
R.P.J. Tutein Nolthenius,Zutphen,14/06/1901,,,,,,,,,,
R.P.J. Tutein Nolthenius,Zutphen,27/06/1901,,,,,,,,,,
mr. J.W.H.M. van Idsinga,Bodegraven,14/06/1901,,,,,,,,,,
J.H. de Waal Malefijt,Bodegraven,14/06/1901,,,,,,,,,,
A. Knijff,Bodegraven,27/06/1901,,,,,,,,,,
H.C. Vegtel,Brielle,14/06/1901,,,,,,,,,,
H.C. Vegtel,Brielle,27/06/1901,,,,,,,,,,
mr. J.M. Rens,Dordrecht,14/06/1901,,,,,,,,,,
mr. J.M. Rens,Dordrecht,27/06/1901,,,,,,,,,,
mr. C.J.E. graaf van Bylandt,Gouda,14/06/1901,,,,,,,,,,
mr. C.J.E. graaf van Bylandt,Gouda,27/06/1901,,,,,,,,,,
mr. W. Dolk,Den Haag I,14/06/1901,,,,,,,,,,
mr. W. Dolk,Den Haag I,27/06/1901,,,,,,,,,,
W.B. van Liefland,Den Haag II,14/06/1901,,,,,,,,,,
mr. O.J.E. baron van Wassenaer van Catwijck,Katwijk,14/06/1901,,,,,,,,,,
mr. S. baron van Heemstra 2,Katwijk,14/06/1901,,,,,,,,,,
mr. P.J.M. Aalberse,Katwijk,27/06/1901,,,,,,,,,,
A. Brummelkamp jr.,Loosduinen,14/06/1901,,,,,,,,,,
jhr. J.W.J.C.M. van Nispen tot Sevenaer,Loosduinen,27/06/1901,,,,,,,,,,
dr. J.T. de Visser,Rotterdam I,14/06/1901,,,,,,,,,,
dr. J.T. de Visser,Rotterdam I,27/06/1901,,,,,,,,,,
mr. A. de Jong,Rotterdam II,14/06/1901,,,,,,,,,,
mr. A. de Jong,Rotterdam II,27/06/1901,,,,,,,,,,
mr. C.A.H. Barge,Rotterdam III,14/06/1901,,,,,,,,,,
mr. D.P.D. Fabius,Rotterdam IV,14/06/1901,,,,,,,,,,
mr. D.P.D. Fabius,Rotterdam IV,27/06/1901,,,,,,,,,,
F.J. van Rijswijk,Rotterdam V,14/06/1901,,,,,,,,,,
mr. S. Muller Hzn.,Rotterdam V,14/06/1901,,,,,,,,,,
J.H. de Waal Malefijt,Rotterdam V,14/06/1901,,,,,,,,,,
mr. O.J.H. graaf van Limburg Stirum,Schiedam,14/06/1901,,,,,,,,,,
A.W.F. Idenburg,Schiedam,27/06/1901,,,,,,,,,,
N. Oosterbaan,Alkmaar,14/06/1901,,,,,,,,,,
N. Oosterbaan,Alkmaar,27/06/1901,,,,,,,,,,
J.F.M. Sterck,Amsterdam I,14/06/1901,,,,,,,,,,
dr. J.T. de Visser,Amsterdam II,14/06/1901,,,,,,,,,,
H.F. Groen van Waarder,Amsterdam II,27/06/1901,,,,,,,,,,
H. Polak,Amsterdam III,14/06/1901,,,,,,,,,,
H. Polak,Amsterdam III,27/06/1901,,,,,,,,,,
J. Deen,Amsterdam V,14/06/1901,,,,,,,,,,
J. Deen,Amsterdam V,27/06/1901,,,,,,,,,,
H.W. van Marle,Amsterdam VI,14/06/1901,,,,,,,,,,
H.W. van Marle,Amsterdam VI,27/06/1901,,,,,,,,,,
B.H. Heldt,Amsterdam VII,14/06/1901,,,,,,,,,,
dr. A. Kuyper,Amsterdam VIII,14/06/1901,,,,,,,,,,
A.J.C.J.S. Bergsma,Amsterdam VIII,14/06/1901,,,,,,,,,,
P.H. van Outersterp,Amsterdam VIII,14/06/1901,,,,,,,,,,
dr. A. Kuyper,Amsterdam VIII,27/06/1901,,,,,,,,,,
dr. C. Lely,Amsterdam IX,14/06/1901,,,,,,,,,,
A.H. Gerhard,Amsterdam IX,14/06/1901,,,,,,,,,,
mr. J.A. van Gilse,Amsterdam IX,14/06/1901,,,,,,,,,,
H. Byleveld,Amsterdam IX,27/06/1901,,,,,,,,,,
dr. J. van Loenen Martinet,Beverwijk,14/06/1901,,,,,,,,,,
A. Kool 2,Enkhuizen,14/06/1901,,,,,,,,,,
W.A.J. van de Kamp,Haarlem,14/06/1901,,,,,,,,,,
F.W.N. Hugenholtz,Haarlem,14/06/1901,,,,,,,,,,
G.B. 't Hooft,Haarlemmermeer,14/06/1901,,,,,,,,,,
G.B. 't Hooft,Haarlemmermeer,27/06/1901,,,,,,,,,,
C.S. Jaring,Den Helder,14/06/1901,,,,,,,,,,
mr. S. baron van Heemstra 2,Hilversum,14/06/1901,,,,,,,,,,
J.J.B. Fanoy,Hilversum,14/06/1901,,,,,,,,,,
dr. J. van Loenen Martinet,Hilversum,14/06/1901,,,,,,,,,,
dr. H. Gorter,Hilversum,14/06/1901,,,,,,,,,,
mr. F.J.M.A. Reekers,Hilversum,27/06/1901,,,,,,,,,,
mr. M. Mendels,Zaandam,14/06/1901,,,,,,,,,,
mr. J.G. van Deinse,Hontenisse,14/06/1901,,,,,,,,,,
mr. Th. Heemskerk,Hontenisse,14/06/1901,,,,,,,,,,
mr. J.G. van Deinse,Hontenisse,27/06/1901,,,,,,,,,,
A. Smit,Middelburg,14/06/1901,,,,,,,,,,
J.A. de Bruijne,Zierikzee,14/06/1901,,,,,,,,,,
J.H. de Waal Malefijt,Breukelen,14/06/1901,,,,,,,,,,
mr. H.J. Doude van Troostwijk,Breukelen,14/06/1901,,,,,,,,,,
F.J.A.M. Wierdels,Breukelen,27/06/1901,,,,,,,,,,
A.W.F. Idenburg,Utrecht I,14/06/1901,,,,,,,,,,
mr. P.J. Troelstra,Utrecht I,14/06/1901,,,,,,,,,,
A.W.F. Idenburg,Utrecht I,27/06/1901,,,,,,,,,,
jhr.mr. J. RoÃ«ll,Utrecht II,14/06/1901,,,,,,,,,,
J. Oudegeest,Utrecht II,14/06/1901,,,,,,,,,,
mr. D.A.P.N. Koolen,Utrecht II,27/06/1901,,,,,,,,,,
F. Lieftinck,Franeker,14/06/1901,,,,,,,,,,
mr. P.J. Troelstra,Franeker,14/06/1901,,,,,,,,,,
J.P. Vergouwen,Franeker,27/06/1901,,,,,,,,,,
A. Bouman,Harlingen,14/06/1901,,,,,,,,,,
H. Pyttersen,Leeuwarden,14/06/1901,,,,,,,,,,
mr. T. de Vries,Leeuwarden,14/06/1901,,,,,,,,,,
H. Pyttersen,Leeuwarden,27/06/1901,,,,,,,,,,
mr. J. Schokking,Schoterland,14/06/1901,,,,,,,,,,
mr. J. Schokking,Schoterland,27/06/1901,,,,,,,,,,
A.S. Talma,Weststellingwerf,14/06/1901,,,,,,,,,,
dr. H. Blink,Weststellingwerf,14/06/1901,,,,,,,,,,
A.S. Talma,Weststellingwerf,27/06/1901,,,,,,,,,,
H.H. van Kol,Enschede,14/06/1901,,,,,,,,,,
mr. P.J.M. Aalberse,Enschede,27/06/1901,,,,,,,,,,
mr. F.O. van der Dussen,Kampen,14/06/1901,,,,,,,,,,
J.H.A. Schaper,Appingedam,14/06/1901,,,,,,,,,,
J. Schepel,Appingedam,14/06/1901,,,,,,,,,,
J. van der Molen Tz.,Appingedam,27/06/1901,,,,,,,,,,
J.W. Rudolph,Hoogezand,14/06/1901,,,,,,,,,,
mr. J.D. Veegens,Hoogezand,14/06/1901,,,,,,,,,,
dr. D. Bos,Veendam,14/06/1901,,,,,,,,,,
dr. D. Bos,Veendam,27/06/1901,,,,,,,,,,
H.H. van Kol,Winschoten,14/06/1901,,,,,,,,,,
J.C. Wirtz,Winschoten,14/06/1901,,,,,,,,,,
H.H. van Kol,Winschoten,27/06/1901,,,,,,,,,,
G. Zijlma,Zuidhorn,14/06/1901,,,,,,,,,,
J.C. Wirtz,Zuidhorn,27/06/1901,,,,,,,,,,
mr. H. Verkouteren,Meppel,14/06/1901,,,,,,,,,,
mr. C.C.M.H. baron van Bieberstein Rogalla Zawadsky,Sittard,14/06/1901,,,,,,,,,,
A.H.A. Arts,Tilburg,03/12/1901,,,,,,,,,,
A.L.J. van Waesberghe,Tilburg,12/12/1901,,,,,,,,,,
W.P.G. Helsdingen,Lochem,13/08/1901,,,,,,,,,,
mr. H.F. Hesselink van Suchtelen,Lochem,20/08/1901,,,,,,,,,,
mr. H.P. de Kanter,Gouda,30/07/1901,,,,,,,,,,
mr. W.H. de Beaufort,Amersfoort,20/08/1901,,,,,,,,,,
J. van der Molen Tz.,Weststellingwerf,06/08/1901,,,,,,,,,,
J. van der Molen Tz.,Weststellingwerf,13/08/1901,,,,,,,,,,
mr. E.A. Smidt,Veendam,30/07/1901,,,,,,,,,,
F.H. Boels,Veendam,30/07/1901,,,,,,,,,,
mr. P.J. Troelstra,Veendam,07/08/1901,,,,,,,,,,
jhr.mr. W.T. Gevers Deynoot 2,Den Haag II,11/09/1902,,,,,,,,,,
mr. W. van der Vlugt,Leiden,25/11/1902,,,,,,,,,,
J. de Lange,Leiden,02/12/1902,,,,,,,,,,
J.W. Ijzerman,Amsterdam III,09/12/1902,,,,,,,,,,
H. Bijleveld,Amsterdam IX,11/09/1902,,,,,,,,,,
C.V. Gerritsen,Amsterdam IX,11/09/1902,,,,,,,,,,
mr. P.J. Troelstra,Amsterdam IX,18/09/1902,,,,,,,,,,
mr. F.I.J. Janssen,Maastricht,08/04/1902,,,,,,,,,,
mr. E.E.E. Sassen,Maastricht,15/04/1902,,,,,,,,,,
jhr.mr. P. van Foreest,Alkmaar,31/03/1903,,,,,,,,,,
C.A. Zelvelder,Alkmaar,31/03/1903,,,,,,,,,,
mr. G.J. Sybrandy,Alkmaar,07/04/1903,,,,,,,,,,
mr. N.G. Pierson,Assen,11/10/1904,,,,,,,,,,
H.C. Vegtel,Brielle,26/01/1905,,,,,,,,,,
H.C. Vegtel,Brielle,03/02/1905,,,,,,,,,,
mr. J.J.I. Harte van Tecklenburg,Grave,16/06/1905,,,,,,,,,,
mr. J.J.I. Harte van Tecklenburg,Grave,28/06/1905,,,,,,,,,,
A.C.A. van Vuuren,Zevenbergen,16/06/1905,,,,,,,,,,
W.H. Bogaardt,Zevenbergen,28/06/1905,,,,,,,,,,
jhr.mr. R.A.P. Sandberg tot Essenburg,Apeldoorn,16/06/1905,,,,,,,,,,
C. van der Voort van Zijp,Arnhem,16/06/1905,,,,,,,,,,
C. van der Voort van Zijp,Arnhem,28/06/1905,,,,,,,,,,
D. Brocx,Doetinchem,16/06/1905,,,,,,,,,,
mr. G. Jannink,Lochem,16/06/1905,,,,,,,,,,
W.P.G. Helsdingen,Lochem,16/06/1905,,,,,,,,,,
N. Oosterbaan,Lochem,28/06/1905,,,,,,,,,,
A.S. Talma,Zutphen,16/06/1905,,,,,,,,,,
A.S. Talma,Zutphen,28/06/1905,,,,,,,,,,
mr. Ã. baron van Mackay Thzn.,Brielle,16/06/1905,,,,,,,,,,
S.M.H. van Gijn,Dordrecht,16/06/1905,,,,,,,,,,
A.S. Talma,Dordrecht,28/06/1905,,,,,,,,,,
mr. L. van Andel,Gorinchem,16/06/1905,,,,,,,,,,
jhr.mr. W.T.C. van Doorn,Gouda,16/06/1905,,,,,,,,,,
mr. S. de Vries Cz.,Gouda,28/06/1905,,,,,,,,,,
mr. J. Limburg,Den Haag I,16/06/1905,,,,,,,,,,
J. Krap,Den Haag I,28/06/1905,,,,,,,,,,
dr. J.T. de Visser,Den Haag II,16/06/1905,,,,,,,,,,
dr. J.T. de Visser,Den Haag II,28/06/1905,,,,,,,,,,
dr. W.C.A. baron van Vredenburch,Den Haag III,16/06/1905,,,,,,,,,,
mr. W. van der Vlugt,Leiden,16/06/1905,,,,,,,,,,
dr. T.G. den Houter,Leiden,28/06/1905,,,,,,,,,,
A. Smit,Ridderkerk,16/06/1905,,,,,,,,,,
mr. D. Fock,Rotterdam I,16/06/1905,,,,,,,,,,
J.W. Rudolph,Rotterdam I,28/06/1905,,,,,,,,,,
D. de Klerk,Rotterdam II,16/06/1905,,,,,,,,,,
dr. J.T. de Visser,Rotterdam II,28/06/1905,,,,,,,,,,
K.A. Warmenhoven jr.,Rotterdam III,16/06/1905,,,,,,,,,,
A. Plate,Rotterdam IV,16/06/1905,,,,,,,,,,
J.M. Voorhoeve 2,Rotterdam IV,28/06/1905,,,,,,,,,,
A. Brummelkamp jr.,Rotterdam V,16/06/1905,,,,,,,,,,
A. Brummelkamp jr.,Rotterdam V,28/06/1905,,,,,,,,,,
jhr.mr. H. Smissaert,Sliedrecht,16/06/1905,,,,,,,,,,
jhr.mr. H. Smissaert,Sliedrecht,28/06/1905,,,,,,,,,,
jhr.mr. P. van Foreest,Alkmaar,16/06/1905,,,,,,,,,,
J.H. Blum,Alkmaar,28/06/1905,,,,,,,,,,
dr. C. Lely,Amsterdam II,16/06/1905,,,,,,,,,,
dr. J.T. de Visser,Amsterdam II,28/06/1905,,,,,,,,,,
K. Eland,Amsterdam III,28/06/1905,,,,,,,,,,
mr. G.A.P.M. van der Aa,Amsterdam V,16/06/1905,,,,,,,,,,
jhr. C. RoÃ«ll,Amsterdam VI,16/06/1905,,,,,,,,,,
dr. C.F.J. Blooker,Amsterdam VII,16/06/1905,,,,,,,,,,
mr. Th. Heemskerk,Amsterdam VII,28/06/1905,,,,,,,,,,
P. Nolting,Amsterdam VIII,16/06/1905,,,,,,,,,,
mr. S. de Vries Cz.,Amsterdam VIII,28/06/1905,,,,,,,,,,
H. Bijleveld,Amsterdam IX,16/06/1905,,,,,,,,,,
J.G. van Kuykhof,Amsterdam IX,16/06/1905,,,,,,,,,,
mr. J. Limburg,Beverwijk,16/06/1905,,,,,,,,,,
mr. H. Goeman Borgesius,Enkhuizen,16/06/1905,,,,,,,,,,
N. Sluis,Enkhuizen,28/06/1905,,,,,,,,,,
jhr.mr. F.W. van Styrum,Haarlem,16/06/1905,,,,,,,,,,
jhr.mr. F.K. van Lennep,Haarlem,28/06/1905,,,,,,,,,,
A.P. Staalman,Den Helder,16/06/1905,,,,,,,,,,
mr. J.N.J.E. Thijssen,Hoorn,16/06/1905,,,,,,,,,,
mr. M. Mendels,Zaandam,16/06/1905,,,,,,,,,,
J. Windhouwer,Zaandam,16/06/1905,,,,,,,,,,
mr. M. Mendels,Zaandam,28/06/1905,,,,,,,,,,
H. Snijders,Middelburg,16/06/1905,,,,,,,,,,
jhr.mr. J.J. Pompe van Meerdervoort,Zierikzee,16/06/1905,,,,,,,,,,
jhr.mr. J.J. Pompe van Meerdervoort,Zierikzee,28/06/1905,,,,,,,,,,
mr. J.G. van Deinse,Hontenisse,16/06/1905,,,,,,,,,,
mr. W.H. de Beaufort,Amersfoort,16/06/1905,,,,,,,,,,
jhr.mr. A.P.C. van Karnebeek,Utrecht I,16/06/1905,,,,,,,,,,
jhr.mr. G.C. von Weiler,Utrecht I,28/06/1905,,,,,,,,,,
mr. N. de Ridder,Utrecht II,28/06/1905,,,,,,,,,,
L.W.J.K. Thomson,Leeuwarden,16/06/1905,,,,,,,,,,
T.A. Hettinga,Leeuwarden,16/06/1905,,,,,,,,,,
F.M. Wibaut,Leeuwarden,28/06/1905,,,,,,,,,,
mr. E. Schaafsma,Dokkum,16/06/1905,,,,,,,,,,
P.L. Tak,Franeker,16/06/1905,,,,,,,,,,
F. Lieftinck,Franeker,16/06/1905,,,,,,,,,,
mr. J. Ankerman,Franeker,28/06/1905,,,,,,,,,,
dr. C.J. Niemeijer,Sneek,16/06/1905,,,,,,,,,,
dr. C.J. Niemeijer,Sneek,28/06/1905,,,,,,,,,,
J. Huizinga,Schoterland,16/06/1905,,,,,,,,,,
C.V. Gerritsen,Schoterland,16/06/1905,,,,,,,,,,
J. van der Molen Tz.,Weststellingwerf,16/06/1905,,,,,,,,,,
C.A. Zelvelder,Weststellingwerf,16/06/1905,,,,,,,,,,
M. Noordtzij,Kampen,16/06/1905,,,,,,,,,,
M. Noordtzij,Kampen,28/06/1905,,,,,,,,,,
H.H. van Kol,Enschede,16/06/1905,,,,,,,,,,
A.H.J. Engels,Enschede,28/06/1905,,,,,,,,,,
dr. W.J.M. Engelberts,Ommen,16/06/1905,,,,,,,,,,
J.H. Tromp Meesters,Steenwijk,16/06/1905,,ja,,,,,,,,
mr. J.A. van Gilse,Zwolle,16/06/1905,,,,,,,,,,
mr. G.J. Sybrandy,Appingedam,16/06/1905,,,,,,,,,,
mr.dr. J.H.W.Q. ter Spill,Appingedam,16/06/1905,,,,,,,,,,
mr. G.J. Sybrandy,Appingedam,28/06/1905,,,,,,,,,,
jhr.mr. A.F. de Savornin Lohman,Groningen,16/06/1905,,,,,,,,,,
H. de Wilde,Hoogezand,16/06/1905,,,,,,,,,,
U.G. Schilthuis Jzn.,Hoogezand,16/06/1905,,,,,,,,,,
mr. G.J. Sybrandy,Veendam,16/06/1905,,,,,,,,,,
H. Spiekman,Veendam,16/06/1905,,,,,,,,,,
G. Zijlma,Zuidhorn,16/06/1905,,,,,,,,,,
D.G. Postma,Zuidhorn,28/06/1905,,,,,,,,,,
J. Knoppers,Meppel,16/06/1905,,,,,,,,,,
mr. S. de Vries Cz.,Arnhem,07/09/1905,,,,,,,,,,
mr. S. de Vries Cz.,Arnhem,14/09/1905,,,,,,,,,,
R.P.J. Tutein Nolthenius,Zutphen,01/08/1905,,,,,,,,,,
R.P.J. Tutein Nolthenius,Zutphen,08/08/1905,,,,,,,,,,
S. van den Bergh jr.,Rotterdam I,07/09/1905,,,,,,,,,,
H. Spiekman,Rotterdam I,07/09/1905,,,,,,,,,,
mr. D.P.D. Fabius,Rotterdam I,14/09/1905,,,,,,,,,,
J.P. van Term,Rotterdam V,07/09/1905,,,,,,,,,,
A.P. Staalman,Den Helder,04/08/1905,,,,,,,,,,
H. Paul,Leiden,26/10/1906,,,,,,,,,,
W.P.G. Helsdingen,Franeker,02/10/1907,,,,,,,,,,
dr. A. van Raalte,Franeker,02/10/1907,,,,,,,,,,
H.J. Versteeg,Schiedam,09/10/1907,,,,,,,,,,
jhr.mr. H. Smissaert,Sliedrecht,13/03/1908,,,,,,,,,,
mr. T.H. de Meester,Ommen,16/10/1908,,,,,,,,,,
K. Eland,Arnhem,11/06/1909,,,,,,,,,,
H.C. Hogerzeil,Arnhem,23/06/1909,,,,,,,,,,
J.W. Rudolph,Ede,11/06/1909,,,,,,,,,,
mr. G. Jannink,Lochem,11/06/1909,,,,,,,,,,
J. Kok,Lochem,11/06/1909,,,,,,,,,,
mr. A. baron van Heeckeren van Kell,Lochem,23/06/1909,,,,,,,,,,
F. Lieftinck,Zutphen,11/06/1909,,,,,,,,,,
mr. A. baron van Heeckeren van Kell,Zutphen,23/06/1909,,,,,,,,,,
H.C. Vegtel,Brielle,11/06/1909,,,,,,,,,,
H.C. Vegtel,Brielle,23/06/1909,,,,,,,,,,
jhr.mr. W.T.C. van Doorn,Gouda,11/06/1909,,,,,,,,,,
H. Colijn,Gouda,23/06/1909,,,,,,,,,,
mr. T.H. de Meester,Gorinchem,11/06/1909,,,,,,,,,,
P.J. de Kanter,Dordrecht,11/06/1909,,,,,,,,,,
dr. A. Kuyper,Dordrecht,23/06/1909,,,,,,,,,,
K. ter Laan,Den Haag I,11/06/1909,,,,,,,,,,
mr. J. Limburg,Den Haag I,11/06/1909,,,,,,,,,,
J. Krap,Den Haag I,23/06/1909,,,,,,,,,,
mr. W. Dolk,Den Haag II,11/06/1909,,,,,,,,,,
J.R. Snoeck Henkemans,Den Haag II,23/06/1909,,,,,,,,,,
mr. H. Goeman Borgesius,Rotterdam I,11/06/1909,,,,,,,,,,
H. Spiekman,Rotterdam I,11/06/1909,,,,,,,,,,
jhr.mr. D.J. de Geer,Rotterdam I,23/06/1909,,,,,,,,,,
D. de Klerk,Rotterdam II,11/06/1909,,,,,,,,,,
dr. W.B. van Staveren,Rotterdam II,23/06/1909,,,,,,,,,,
mr. J.A. Loeff,Rotterdam III,11/06/1909,,,,,,,,,,
mr. J.A. Loeff,Rotterdam III,23/06/1909,,,,,,,,,,
A. Plate,Rotterdam IV,11/06/1909,,,,,,,,,,
A. Plate,Rotterdam IV,23/06/1909,,,,,,,,,,
mr. E.E. van Raalte,Rotterdam V,23/06/1909,,,,,,,,,,
jhr.mr. P. van Foreest,Alkmaar,11/06/1909,,,,,,,,,,
F.C.J. Netscher,Alkmaar,11/06/1909,,,,,,,,,,
N. Glinderman,Alkmaar,23/06/1909,,,,,,,,,,
J.N. Hendrix,Amsterdam I,11/06/1909,,,,,,,,,,
J. Oudegeest,Amsterdam II,11/06/1909,,,,,,,,,,
dr. C. Lely,Amsterdam II,11/06/1909,,,,,,,,,,
J. Oudegeest,Amsterdam II,23/06/1909,,,,,,,,,,
mr. G.A. van Hamel,Amsterdam III,23/06/1909,,,,,,,,,,
mr. P.J.M. Aalberse,Amsterdam V,11/06/1909,,,,,,,,,,
J.G. van Kuykhof,Amsterdam V,11/06/1909,,,,,,,,,,
mr. W.H. de Beaufort,Amsterdam VI,11/06/1909,,,,,,,,,,
mr. H. Verkouteren,Amsterdam VI,23/06/1909,,,,,,,,,,
dr. C.F.J. Blooker,Amsterdam VII,11/06/1909,,,,,,,,,,
P. Nolting,Amsterdam VIII,11/06/1909,,,,,,,,,,
W.H. Vliegen,Amsterdam IX,11/06/1909,,,,,,,,,,
mr. C.T. van Deventer,Amsterdam IX,11/06/1909,,,,,,,,,,
mr. T. de Vries,Amsterdam IX,23/06/1909,,,,,,,,,,
mr. H. Goeman Borgesius,Enkhuizen,11/06/1909,,,,,,,,,,
mr. J.H. Thiel,Haarlem,23/06/1909,,,,,,,,,,
A.P. Staalman,Den Helder,11/06/1909,,,,,,,,,,
A.P. Staalman,Den Helder,23/06/1909,,,,,,,,,,
C.D. Wesseling,Hoorn,11/06/1909,,,,,,,,,,
H.J.C. van Tienen,Zaandam,11/06/1909,,,,,,,,,,
L.F. Duymaer van Twist,Zaandam,11/06/1909,,,,,,,,,,
H.J.C. van Tienen,Zaandam,23/06/1909,,,,,,,,,,
H.C. Vegtel,Zierikzee,11/06/1909,,,,,,,,,,
mr. P. Dieleman,Oostburg,11/06/1909,,,,,,,,,,
jhr.mr. A.P.C. van Karnebeek,Utrecht I,11/06/1909,,,,,,,,,,
mr. H.J.H. baron van Boetzelaer,Utrecht I,23/06/1909,,,,,,,,,,
jhr.mr. J. RoÃ«ll,Utrecht II,23/06/1909,,,,,,,,,,
W.P.G. Helsdingen,Franeker,11/06/1909,,,,,,,,,,
C.E. van Koetsveld,Franeker,23/06/1909,,,,,,,,,,
mr. T.H. de Meester,Schoterland,11/06/1909,,,,,,,,,,
mr. J. Ankerman,Schoterland,11/06/1909,,,,,,,,,,
J.A. Bergmeyer,Schoterland,23/06/1909,,,,,,,,,,
mr. P.J. Troelstra,Leeuwarden,11/06/1909,,,,,,,,,,
G. Hofstede,Leeuwarden,11/06/1909,,,,,,,,,,
mr. P.J. Troelstra,Leeuwarden,23/06/1909,,,,,,,,,,
H.C. Hogerzeil,Weststellingwerf,11/06/1909,,,,,,,,,,
L.W.J.K. Thomson,Weststellingwerf,11/06/1909,,,,,,,,,,
H.C. Hogerzeil,Weststellingwerf,23/06/1909,,,,,,,,,,
H.H. van Kol,Enschede,11/06/1909,,,,,,,,,,
H.W. Teesselink,Ommen,11/06/1909,,,,,,,,,,
mr. J. van Gilse,Steenwijk,11/06/1909,,,,,,,,,,
J.H.A. Schaper,Appingedam,11/06/1909,,,,,,,,,,
H. Groenewout,Appingedam,11/06/1909,,,,,,,,,,
A. Zijlstra,Appingedam,23/06/1909,,,,,,,,,,
jhr.mr. A.F. de Savornin Lohman,Groningen,11/06/1909,,,,,,,,,,
mr. P. Rink,Hoogezand,11/06/1909,,,,,,,,,,
A. Zijlstra,Hoogezand,11/06/1909,,,,,,,,,,
K. ter Laan,Hoogezand,23/06/1909,,,,,,,,,,
mr. E.A. Smidt,Veendam,11/06/1909,,,,,,,,,,
mr. G.W. Sannes,Veendam,11/06/1909,,,,,,,,,,
E.M. Teenstra,Zuidhorn,11/06/1909,,,,,,,,,,
G. Hofstede,Zuidhorn,23/06/1909,,,,,,,,,,
B. Berends,Meppel,11/06/1909,,,,,,,,,,
P.M.F.H. Brouwers,Gulpen,11/06/1909,,,,,,,,,,
F.H. de MontÃ© ver Loren,Breukelen,22/09/1909,,,,,,,,,,
mr. J.B.L.C.C. baron van Wijkerslooth de Weerdesteijn,Breukelen,05/10/1909,,,,,,,,,,
mr. H.C. Dresselhuys,Wijk bij Duurstede,30/12/1909,,,,,,,,,,
I.A. Swane,Helmond,12/07/1910,,,,,,,,,,
G.J. de Jongh,Rotterdam V,24/10/1910,,,,,,,,,,
H.C. Vegtel,Rotterdam V,03/11/1910,,,,,,,,,,
mr. H. van der Vegte,Ommen,27/11/1912,,,,,,,,,,
W.J.E.H.M. de Jong,Hilversum,01/02/1912,,,,,,,,,,
W.J.E.H.M. de Jong,Hilversum,08/02/1912,,,,,,,,,,
H.C. Vegtel,Hoorn,23/04/1912,,,,,,,,,,
J.A. Bergmeyer,Schoterland,03/08/1909,,,,,,,,,,
L.W.J.K. Thomson,Leeuwarden,17/06/1913,,,,,,,,,,
L.D.J.L. de Ram,Bergen op Zoom,17/06/1913,,,,,,,,,,
L.D.J.L. de Ram,Bergen op Zoom,25/06/1913,,,,,,,,,,
J. Esmeijer,Apeldoorn,17/06/1913,,,,,,,,,,
J. Esmeijer,Apeldoorn,25/06/1913,,,,,,,,,,
K. Eland,Arnhem,17/06/1913,,,,,,,,,,
L.M. Hermans,Arnhem,17/06/1913,,,,,,,,,,
H.P.J. Bloemers,Doetinchem,17/06/1913,,,,,,,,,,
mr. A. baron van Heeckeren van Kell,Ede,17/06/1913,,,,,,,,,,
mr. A. baron van Heeckeren van Kell,Lochem,17/06/1913,,,,,,,,,,
J.R. Snoeck Henkemans,Zutphen,17/06/1913,,,,,,,,,,
A. Colijn jr.,Brielle,17/06/1913,,,,,,,,,,
A.W. Heijkoop,Brielle,17/06/1913,,,,,,,,,,
mr. M.M. Schim van der Loeff,Dordrecht,17/06/1913,,,,,,,,,,
J.H.F. van Zadelhoff,Dordrecht,17/06/1913,,,,,,,,,,
H.C. Hogerzeil,Dordrecht,25/06/1913,,,,,,,,,,
mr. P.E. BriÃ«t,Gorinchem,17/06/1913,,,,,,,,,,
mr. P.E. BriÃ«t,Gorinchem,25/06/1913,,,,,,,,,,
mr. J.A. de Wilde,Gouda,17/06/1913,,,,,,,,,,
mr. J.A. de Wilde,Gouda,25/06/1913,,,,,,,,,,
C. Smeenk,Den Haag I,17/06/1913,,,,,,,,,,
mr. W. Dolk,Den Haag II,17/06/1913,,,,,,,,,,
L. Hoejenbos,Den Haag II,17/06/1913,,,,,,,,,,
J.R. Snoeck Henkemans,Den Haag II,25/06/1913,,,,,,,,,,
mr. J.E. Heeres,Leiden,17/06/1913,,,,,,,,,,
mr. P.E. BriÃ«t,Leiden,25/06/1913,,,,,,,,,,
F.J.W. Drion,Ridderkerk,17/06/1913,,,,,,,,,,
mr. A.P.R.C. baron van Borch van Verwolde,Ridderkerk,25/06/1913,,,,,,,,,,
B.J. Gerretson,Rotterdam I,17/06/1913,,,,,,,,,,
mr. H. Goeman Borgesius,Rotterdam I,17/06/1913,,,,,,,,,,
B.J. Gerretson,Rotterdam I,25/06/1913,,,,,,,,,,
H. Spiekman,Rotterdam II,17/06/1913,,,,,,,,,,
D. de Klerk,Rotterdam II,17/06/1913,,,,,,,,,,
dr. W.B. van Staveren,Rotterdam II,25/06/1913,,,,,,,,,,
H. Stulemeijer,Rotterdam III,17/06/1913,,,,,,,,,,
J. van Vollenhoven,Rotterdam IV,17/06/1913,,,,,,,,,,
A.B. de Zeeuw,Rotterdam IV,17/06/1913,,,,,,,,,,
J. ter Laan,Rotterdam V,17/06/1913,,,,,,,,,,
mr. D. Fock,Rotterdam V,17/06/1913,,,,,,,,,,
mr. A. de Jong,Rotterdam V,25/06/1913,,,,,,,,,,
dr. J.H. Gunning Wzn.,Schiedam,17/06/1913,,,,,,,,,,
dr. W.W. van der Meulen,Sliedrecht,17/06/1913,,,,,,,,,,
J.R. Snoeck Henkemans,Alkmaar,17/06/1913,,,,,,,,,,
J.R. Snoeck Henkemans,Alkmaar,25/06/1913,,,,,,,,,,
J.W. Smit,Amsterdam I,17/06/1913,,,,,,,,,,
J. Loopuit,Amsterdam IV,17/06/1913,,,,,,,,,,
A.H. Gerhard,Amsterdam V,17/06/1913,,,,,,,,,,
J. ter Haar jr.,Amsterdam V,17/06/1913,,,,,,,,,,
A.H. Gerhard,Amsterdam V,25/06/1913,,,,,,,,,,
mr. H. Verkouteren,Amsterdam VI,17/06/1913,,,,,,,,,,
W. Boissevain,Amsterdam VII,17/06/1913,,,,,,,,,,
W.H. Vliegen,Amsterdam VII,17/06/1913,,,,,,,,,,
G.A.A. Middelberg,Amsterdam VII,25/06/1913,,,,,,,,,,
A.B. Kleerekoper,Amsterdam VIII,17/06/1913,,,,,,,,,,
P. Nolting,Amsterdam VIII,17/06/1913,,,,,,,,,,
W. de Vlugt,Amsterdam VIII,25/06/1913,,,,,,,,,,
mr. V.H. Rutgers,Amsterdam IX,17/06/1913,,,,,,,,,,
mr. L.N. Roodenburg,Beverwijk,17/06/1913,,,,,,,,,,
W.C.J. Passtoors,Beverwijk,25/06/1913,,,,,,,,,,
F.C.J. Netscher,Enkhuizen,17/06/1913,,,,,,,,,,
mr. D. Fock,Haarlem,17/06/1913,,,,,,,,,,
mr. P.J. Troelstra,Haarlem,17/06/1913,,,,,,,,,,
jhr.mr. D.E. van Lennep,Haarlem,25/06/1913,,,,,,,,,,
C. Thomassen,Den Helder,17/06/1913,,,,,,,,,,
C. Thomassen,Den Helder,25/06/1913,,,,,,,,,,
W.J.E.H.M. de Jong,Hilversum,17/06/1913,,,,,,,,,,
C.D. Wesseling,Hoorn,17/06/1913,,,,,,,,,,
J.G. Moojen,Goes,17/06/1913,,,,,,,,,,
mr. E.E. van Raalte,Middelburg,17/06/1913,,,,,,,,,,
J.H. Blum,Middelburg,25/06/1913,,,,,,,,,,
mr. P. Dieleman,Oostburg,17/06/1913,,,,,,,,,,
H.C. Hogerzeil,Zierikzee,17/06/1913,,,,,,,,,,
mr. W.H. de Beaufort,Amersfoort,17/06/1913,,,,,,,,,,
jhr.mr. H.W. van Asch van Wijck,Amersfoort,25/06/1913,,,,,,,,,,
mr.dr. J.H.W.Q. ter Spill,Utrecht I,17/06/1913,,,,,,,,,,
W.C. baron van RoÃ«ll,Utrecht I,25/06/1913,,,,,,,,,,
dr. J. van Leeuwen,Utrecht II,17/06/1913,,,,,,,,,,
J.S.F. van Hoogstraten,Utrecht II,25/06/1913,,,,,,,,,,
mr. H.C. Dresselhuys,Wijk bij Duurstede,17/06/1913,,,,,,,,,,
J. Sibinga Mulder,Dokkum,17/06/1913,,,,,,,,,,
A. Colijn jr.,Franeker,17/06/1913,,,,,,,,,,
A. Colijn jr.,Franeker,25/06/1913,,,,,,,,,,
L.W.J.K. Thomson,Leeuwarden,25/06/1913,,,,,,,,,,
mr. J. Limburg,Schoterland,17/06/1913,,,,,,,,,,
mr. J. Limburg,Schoterland,25/06/1913,,,,,,,,,,
dr. P. Kohnstamm,Weststellingwerf,17/06/1913,,,,,,,,,,
J. de Bruijn,Weststellingwerf,17/06/1913,,,,,,,,,,
dr. P. Kohnstamm,Weststellingwerf,25/06/1913,,,,,,,,,,
J.C. baron van Haersolte,Deventer,17/06/1913,,,,,,,,,,
J.W. Albarda,Enschede,17/06/1913,,,,,,,,,,
G. Elhorst,Enschede,25/06/1913,,,,,,,,,,
J.C. de Gast,Kampen,17/06/1913,,,,,,,,,,
J.C. de Gast,Kampen,25/06/1913,,,,,,,,,,
F.M. Knobel,Zwolle,17/06/1913,,,,,,,,,,
A. baron van Dedem,Zwolle,25/06/1913,,,,,,,,,,
mr.dr. E. van Ketwich Verschuur,Steenwijk,17/06/1913,,,,,,,,,,
dr. J.T. de Visser,Ommen,17/06/1913,,,,,,,,,,
dr. J.T. de Visser,Ommen,25/06/1913,,,,,,,,,,
A. Zijlstra,Appingedam,17/06/1913,,,,,,,,,,
T.G.G. Valette,Appingedam,17/06/1913,,,,,,,,,,
A. Zijlstra,Appingedam,25/06/1913,,,,,,,,,,
mr. G.W. Sannes,Groningen,17/06/1913,,,,,,,,,,
mr. J. Ankerman,Groningen,17/06/1913,,,,,,,,,,
mr. G.W. Sannes,Groningen,25/06/1913,,,,,,,,,,
mr. P. Rink,Hoogezand,17/06/1913,,,,,,,,,,
R. Koppe,Hoogezand,17/06/1913,,,,,,,,,,
mr. P. Rink,Hoogezand,25/06/1913,,,,,,,,,,
H. Snijders,Veendam,17/06/1913,,,,,,,,,,
F.G. Petersen,Veendam,17/06/1913,,,,,,,,,,
H. Snijders,Veendam,25/06/1913,,,,,,,,,,
L.M. Hermans,Winschoten,17/06/1913,,,,,,,,,,
L.M. Hermans,Winschoten,25/06/1913,,,,,,,,,,
A. Zijlstra,Zuidhorn,17/06/1913,,,,,,,,,,
A. Zijlstra,Zuidhorn,25/06/1913,,,,,,,,,,
F. Fokkens,Meppel,17/06/1913,,,,,,,,,,
A.B. de Zeeuw,Rotterdam I,01/08/1913,,,,,,,,,,
D. de Klerk,Rotterdam I,01/08/1913,,,,,,,,,,
A.B. de Zeeuw,Rotterdam I,08/08/1913,,,,,,,,,,
J.R. Snoeck Henkemans,Amsterdam II,22/07/1913,,,,,,,,,,
mr. H. Verkouteren,Amsterdam VI,22/07/1913,,,,,,,,,,
mr. H. Verkouteren,Amsterdam VI,29/07/1913,,,,,,,,,,
T. van der Waerden,Hoogezand,04/08/1913,,,,,,,,,,
H. Stulemeijer,Rotterdam III,07/01/1914,,,,,,,,,,
H. Stulemeijer,Rotterdam III,14/01/1914,,,,,,,,,,
P. Otto,Amsterdam III,04/11/1913,,,,,,,,,,
J. Oudegeest,Amsterdam III,11/11/1913,,,,,,,,,,
J. Esmeijer,Apeldoorn,29/02/1916,,,,,,,,,,
W. de Vlugt,Amsterdam IX,28/10/1915,,,,,,,,,,
K. Stenhuis,Winschoten,17/06/1916,,,,,,,,,,
mr.dr. H.A.G. van Groenendael,Weert,27/04/1916,,,,,,,,,,
G.J.H. Peters,Weert,27/04/1916,,,,,,,,,,
mr. W.F.W. Kolkman,Weert,04/05/1916,,,,,,,,,,
J. Loopuit,Amsterdam IV,03/04/1917,,,,,,,,,,
C. Thomassen,Den Helder,15/05/1917,,,,,,,,,,
A.P. Staalman,Den Helder,15/05/1917,,,,,,,,,,
C. Thomassen,Den Helder,22/05/1917,,,,,,,,,,
dr. Z. Kamerling,Amsterdam II,15/06/1917,,,,,,,,,,
dr. Z. Kamerling,Amsterdam II,22/06/1917,,,,,,,,,,
A.P. Staalman,Den Helder,15/06/1917,,,,,,,,,,
J. Schouten,Rotterdam II,14/12/1917,,,,,,,,,,
D. de Klerk,Rotterdam II,14/12/1917,,,,,,,,,,
J. Schouten,Rotterdam II,21/12/1917,,,,,,,,,,
mr. H. van der Vegte,Ommen,28/10/1912,,,,,,,,,,
H.J. Versteeg,Schiedam,22/10/1907,,,,,,,,,,
J. van der Molen Tz.,Franeker,15/10/1907,,,,,,,,,,
